0,Date,Open,High,Low,Last,Close,Total Trade Quantity,Turnover (Lacs)
1,2015-05-27 00:00:00+00:00,208,222.25,206.85,216,215.15,4642146,10062.83
2,2015-05-28 00:00:00+00:00,217,218.6,205.9,210.25,209.2,3519515,7407.06
3,2015-05-29 00:00:00+00:00,223.5,227.8,216.15,217.25,218.2,1728786,3815.79
4,2015-06-01 00:00:00+00:00,230,237.5,225.75,226.45,227.6,1708590,3960.27
5,2015-06-02 00:00:00+00:00,234.55,234.6,221.05,230.3,230.9,1534749,3486.05
6,2015-06-03 00:00:00+00:00,234.05,235.95,230.2,233.5,233.75,3069914,7162.35
7,2015-06-04 00:00:00+00:00,234.55,236.8,231.1,233.8,233.25,5082859,11859.95
8,2015-06-05 00:00:00+00:00,240,240,232.5,235,234.25,2240909,5248.6
9,2015-06-08 00:00:00+00:00,233.3,236.75,232,236.25,236.1,2349368,5503.9
10,2015-06-09 00:00:00+00:00,233.55,239.2,230.75,234,233.3,3423509,7999.55
11,2015-06-10 00:00:00+00:00,235,237,227.95,233.75,234.6,5395319,12589.59
12,2015-06-11 00:00:00+00:00,235.95,237.2,233.45,234.6,234.9,1362058,3202.78
13,2015-06-12 00:00:00+00:00,237.9,239.25,233.5,235.5,235.05,2614794,6163.7
14,2015-06-15 00:00:00+00:00,233.15,238,230.25,236.4,236.6,3170894,7445.41
15,2015-06-16 00:00:00+00:00,223.45,236.7,223.3,234,233.95,6377909,14784.5
16,2015-06-17 00:00:00+00:00,216.35,223.7,212.65,221.65,222.65,4570939,10002.01
17,2015-06-18 00:00:00+00:00,222.5,225.4,214.85,216.35,216,3508990,7735.81
18,2015-06-19 00:00:00+00:00,222.5,235.15,220.65,221.05,222,7514106,17130.29
19,2015-06-22 00:00:00+00:00,221,224.5,219.1,223.15,222.95,1232507,2742.84
20,2015-06-23 00:00:00+00:00,224,225,218.2,220.95,221.05,1738824,3856.72
21,2015-06-24 00:00:00+00:00,222,224.6,215.2,222.1,222.4,3023097,6674.93
22,2015-06-25 00:00:00+00:00,238.2,238.2,222.6,223.45,223.7,3554859,8163.82
23,2015-06-26 00:00:00+00:00,236,243.55,235.05,236.85,236.7,5242852,12538.39
24,2015-06-29 00:00:00+00:00,237,239.75,232.95,234.65,234.3,3353833,7913.21
25,2015-06-30 00:00:00+00:00,235.35,237.3,232.1,237.3,236,1921327,4516.57
26,2015-07-01 00:00:00+00:00,233.85,237.7,232.7,234.2,234.55,1394661,3280.33
27,2015-07-02 00:00:00+00:00,237,239.3,231.3,232.9,233.35,2374782,5571.77
28,2015-07-06 00:00:00+00:00,231.8,239.35,231.05,236.8,237.05,1990020,4689.94
29,2015-07-07 00:00:00+00:00,234.5,237.2,230.2,231.5,231,1838417,4289.35
30,2015-07-08 00:00:00+00:00,240.3,240.6,233.1,235.5,235.45,1553953,3662.36
31,2015-07-09 00:00:00+00:00,246.9,246.9,239.25,240.9,240.55,3272005,7941.4
32,2015-07-10 00:00:00+00:00,244,247,243,244.7,245.15,1690225,4141.83
33,2015-07-13 00:00:00+00:00,240.8,244.5,239.2,242.7,243,2838238,6885.52
34,2015-07-14 00:00:00+00:00,236.05,242,235.95,240.35,239.35,2551480,6106.81
35,2015-07-15 00:00:00+00:00,235,238.5,235,237.4,237.55,1885288,4459.96
36,2015-07-16 00:00:00+00:00,233,236.45,232.25,235.2,234.55,1948583,4573.57
37,2015-07-17 00:00:00+00:00,237.3,237.95,231.1,233.65,233.55,2035594,4757.48
38,2015-07-20 00:00:00+00:00,236.65,239.85,235.3,237.25,237.3,1127248,2676.63
39,2015-07-21 00:00:00+00:00,237.25,240.5,235.05,236.35,236.35,1807313,4305.39
40,2015-07-22 00:00:00+00:00,241,241.55,235.3,237.5,237.6,1963538,4677.58
41,2015-07-23 00:00:00+00:00,235.15,240.45,234.15,240,239.5,2560616,6080.87
42,2015-07-24 00:00:00+00:00,236,239,232,235.2,234.65,3357945,7893.32
43,2015-07-27 00:00:00+00:00,232.5,238.05,230.4,235,235.45,5700851,13328.52
44,2015-07-28 00:00:00+00:00,248.7,254.95,234.35,235.1,235.65,13272609,32325.56
45,2015-07-29 00:00:00+00:00,243.4,249.65,241.5,247.1,246.9,4422342,10917.34
46,2015-07-30 00:00:00+00:00,243.7,247,240.9,243.65,242.2,1867720,4544.83
47,2015-07-31 00:00:00+00:00,241,243.95,239.15,242.5,242.25,1581985,3821.97
48,2015-08-03 00:00:00+00:00,235.9,242.95,234.5,239.5,239.1,3996921,9565.1
49,2015-08-04 00:00:00+00:00,248.5,248.5,235.8,236.05,236.9,2310430,5596.44
50,2015-08-05 00:00:00+00:00,244,249.2,241.9,246.3,246.3,2278457,5607.3
51,2015-08-06 00:00:00+00:00,238.9,244.25,235.25,243.05,243.3,2351769,5645.48
52,2015-08-07 00:00:00+00:00,231.25,240.95,231.25,238.9,238.6,3003282,7143.47
53,2015-08-10 00:00:00+00:00,239.7,243.3,228.6,232.5,233.1,4223216,9934.06
54,2015-08-11 00:00:00+00:00,248.4,249.6,232.7,238.1,238.65,3343525,8021.22
55,2015-08-12 00:00:00+00:00,241.55,251.85,240.3,247.5,247.9,3158004,7794.77
56,2015-08-13 00:00:00+00:00,257.9,257.9,242.1,243.9,243.25,3454849,8566.75
57,2015-08-14 00:00:00+00:00,265,265.75,257.55,258.3,258.9,3357333,8804.57
58,2015-08-17 00:00:00+00:00,270.4,272.45,264.35,264.5,265.2,2250217,6045.37
59,2015-08-18 00:00:00+00:00,274.8,275.45,267.45,270,269.8,1407688,3811.57
60,2015-08-19 00:00:00+00:00,275.9,277.8,272.55,274.55,274.75,1284523,3532.63
61,2015-08-20 00:00:00+00:00,268.25,276.2,267,275.3,275.25,2267486,6168.1
62,2015-08-21 00:00:00+00:00,269.8,273.25,265.7,266.2,266.3,2022333,5443.53
63,2015-08-24 00:00:00+00:00,277.45,282.4,270,271.8,271.25,2338411,6459.01
64,2015-08-25 00:00:00+00:00,281,281,275.35,277.7,277.3,3598212,9999.82
65,2015-08-26 00:00:00+00:00,264.5,284.5,262.7,280.1,281,6676660,18483.41
66,2015-08-27 00:00:00+00:00,271,273.1,263.25,264.5,264.45,3661633,9740.9
67,2015-08-28 00:00:00+00:00,262.7,270.15,262.7,269.2,269.35,2077927,5519.02
68,2015-08-31 00:00:00+00:00,263,268.25,261.45,265.05,263.95,4511203,11917.5
69,2015-09-01 00:00:00+00:00,265.1,268.4,261.2,263.15,265.6,2234204,5905.05
70,2015-09-02 00:00:00+00:00,264.8,269.7,263.3,264.6,267.35,2208389,5886.61
71,2015-09-03 00:00:00+00:00,260.1,266.95,260.1,264.55,264.5,2103452,5563.82
72,2015-09-04 00:00:00+00:00,257.9,263.55,256.45,261.95,262.1,2459832,6442.71
73,2015-09-08 00:00:00+00:00,258.05,262.35,255.5,258.15,258.2,3020580,7806.4
74,2015-09-09 00:00:00+00:00,263.7,264.75,257,260.55,260.85,3367252,8755.18
75,2015-09-10 00:00:00+00:00,274.65,274.65,266.05,267,267.05,6224725,16640.21
76,2015-09-11 00:00:00+00:00,271.55,276.85,269.15,274.9,275.35,1541522,4214.24
77,2015-09-14 00:00:00+00:00,279.15,281,271.45,272.2,272.15,3133233,8614.03
78,2015-09-15 00:00:00+00:00,269.8,278.75,268.2,278,277.8,3646744,10067.32
79,2015-09-16 00:00:00+00:00,267,270.5,265.35,270,269.6,1232644,3311.87
80,2015-09-17 00:00:00+00:00,262.75,268.4,262.75,267.2,267.6,1206633,3209.4
81,2015-09-18 00:00:00+00:00,265.6,271.25,262.7,263.25,263.7,3538690,9470.3
82,2015-09-21 00:00:00+00:00,263.7,269.35,263.55,266.7,266.95,1104173,2945.64
83,2015-09-22 00:00:00+00:00,266.9,269.7,263.3,267,267.1,1527128,4075.26
84,2015-09-23 00:00:00+00:00,262.75,266.7,260.35,265.55,265.75,2052017,5408.38
85,2015-09-24 00:00:00+00:00,255.5,264.7,254.8,264.2,263.75,4208120,11030.56
86,2015-09-25 00:00:00+00:00,265,265.4,253.5,255.5,255.25,1819147,4706.54
87,2015-09-28 00:00:00+00:00,269.7,269.7,258.55,265.1,263.25,2622839,6920.49
88,2015-09-29 00:00:00+00:00,267,272,260.7,269.05,269.2,3469905,9239.62
89,2015-09-30 00:00:00+00:00,254,266,253.2,265.7,264.5,4154146,10876.9
90,2015-10-01 00:00:00+00:00,257.4,262.7,257,257.9,257.5,2235734,5803.91
91,2015-10-02 00:00:00+00:00,254.7,262.2,254.65,260.7,260.65,2649349,6862.75
92,2015-10-05 00:00:00+00:00,252.2,259.4,252.2,258.5,257.85,2071496,5324.08
93,2015-10-06 00:00:00+00:00,251,255.5,247.3,255,254.5,2921253,7380.24
94,2015-10-07 00:00:00+00:00,246.5,252.35,245.55,250,250.2,4295785,10726.5
95,2015-10-08 00:00:00+00:00,244,251.1,244,247.6,247.15,3175432,7874.05
96,2015-10-09 00:00:00+00:00,244.1,248.35,240.55,244,243.55,3180360,7762.71
97,2015-10-12 00:00:00+00:00,248.3,248.95,243.35,245.1,244.7,3297714,8103.65
98,2015-10-13 00:00:00+00:00,243.5,249.3,242.5,247.5,247.5,7108750,17573.66
99,2015-10-14 00:00:00+00:00,240,245.6,237.25,241.4,241.1,6328483,15295.87
100,2015-10-15 00:00:00+00:00,256.45,259.5,240.75,242.45,242.65,9298329,23074.68
101,2015-10-16 00:00:00+00:00,280,281.35,251.85,257,255.9,16822847,43913.37
102,2015-10-19 00:00:00+00:00,284.4,290.5,284.4,287,287.5,1974327,5685.22
103,2015-10-20 00:00:00+00:00,292.95,293,283.45,284.15,285.25,1446384,4157.17
104,2015-10-21 00:00:00+00:00,289.6,294.35,288.6,292,292,1820409,5311
105,2015-10-22 00:00:00+00:00,296,296.2,287.25,289.5,289.7,1720983,4998.87
106,2015-10-23 00:00:00+00:00,288.8,295.5,287,295.05,294.2,1848551,5387.46
107,2015-10-26 00:00:00+00:00,287.05,291.5,282.3,287.9,287.8,1399442,4014.1
108,2015-10-27 00:00:00+00:00,292.75,292.75,283.1,286.45,286.65,2561225,7355.63
109,2015-10-28 00:00:00+00:00,297.4,300,289.4,293,292.75,1857277,5479.6
110,2015-10-29 00:00:00+00:00,293.9,298.5,292.05,297.85,297.55,3046154,9025.87
111,2015-10-30 00:00:00+00:00,293.45,294.4,291.05,291.4,292.1,1858644,5443.94
112,2015-11-02 00:00:00+00:00,292.5,293.65,288.75,291.2,291.2,4942803,14401.35
113,2015-11-03 00:00:00+00:00,283.05,291.25,282.05,289.1,289.1,4804882,13808.09
114,2015-11-04 00:00:00+00:00,283,288,281.8,283.7,283.15,2131466,6075.2
115,2015-11-05 00:00:00+00:00,287.7,287.8,282.65,283.2,283.6,1687369,4794.16
116,2015-11-06 00:00:00+00:00,285.95,288.8,283.65,286,286.3,2523492,7225.36
117,2015-11-09 00:00:00+00:00,286,288.65,283.6,285.55,286.2,2434183,6966.56
118,2015-11-10 00:00:00+00:00,282.3,287.45,279.25,285.35,284.1,4719061,13416.32
119,2015-11-11 00:00:00+00:00,282,285.25,277.5,280.6,280.95,5799262,16355.69
120,2015-11-12 00:00:00+00:00,274,280.2,272.55,279.4,279.65,3030999,8371.24
121,2015-11-13 00:00:00+00:00,274,277.35,271.75,275.7,275.5,2196800,6024.34
122,2015-11-16 00:00:00+00:00,273.9,277.8,271.65,273.9,273.85,2149205,5896.21
123,2015-11-17 00:00:00+00:00,276.1,276.35,271.5,273.85,273.85,1996390,5454.47
124,2015-11-18 00:00:00+00:00,280.2,280.7,274.1,275.8,275.5,2190930,6065.36
125,2015-11-19 00:00:00+00:00,275,281.65,273,276.75,277.8,4623765,12889.29
126,2015-11-20 00:00:00+00:00,274.8,275.65,271,272.7,272.7,1852060,5047.58
127,2015-11-23 00:00:00+00:00,274.55,277,271.5,273,273,2658707,7260.79
128,2015-11-24 00:00:00+00:00,276.7,279.05,269.55,270.15,270.25,3283985,8975.77
129,2015-11-25 00:00:00+00:00,276,277.55,271.7,275.3,274.8,2613360,7162.95
130,2015-11-27 00:00:00+00:00,259.35,278.4,259.35,277.45,276.95,6610831,17918.02
131,2015-11-30 00:00:00+00:00,261.25,264,257.5,259.15,258.75,2283408,5951.18
132,2015-12-01 00:00:00+00:00,264,265.75,260.75,264,263.8,3071911,8092.83
133,2015-12-02 00:00:00+00:00,258.05,263.5,253.7,263.45,262.2,2440719,6332.93
134,2015-12-03 00:00:00+00:00,251.05,258.9,250,258.2,257.9,2297852,5859.45
135,2015-12-04 00:00:00+00:00,264.65,264.65,257.6,259.1,258.85,1681596,4369.46
136,2015-12-07 00:00:00+00:00,265.3,266.3,262.15,262.9,263.2,1477158,3901.51
137,2015-12-08 00:00:00+00:00,259.7,263.65,255.1,263.3,262.05,2855717,7453.21
138,2015-12-09 00:00:00+00:00,272.6,273,258.35,260.65,260.6,3665423,9640.91
139,2015-12-10 00:00:00+00:00,280.8,282.7,271.05,272.55,272.4,2762357,7633.86
140,2015-12-11 00:00:00+00:00,278,284.4,277.25,279.55,279.6,2877987,8081.81
141,2015-12-14 00:00:00+00:00,275.25,281.25,275.25,279,278.5,2056369,5729.14
142,2015-12-15 00:00:00+00:00,278.05,281.3,273.2,278.2,278.2,3095190,8590.75
143,2015-12-16 00:00:00+00:00,270,276.65,269.7,276,276.05,2583575,7052.02
144,2015-12-17 00:00:00+00:00,275.9,275.9,266.6,268.5,268.35,1614381,4376.16
145,2015-12-18 00:00:00+00:00,270.5,274.2,265,273.15,273.4,2246589,6068.8
146,2015-12-21 00:00:00+00:00,272,274.45,265.15,268.9,268.9,4847214,13070.84
147,2015-12-22 00:00:00+00:00,276.7,283.1,271.45,272.5,274.15,6601857,18367.89
148,2015-12-23 00:00:00+00:00,274.8,276.95,270.55,276.6,275.65,4680138,12811.25
149,2015-12-24 00:00:00+00:00,275,277.35,274.1,275.45,274.85,2322191,6392.67
150,2015-12-28 00:00:00+00:00,273,277,272,275.4,275.5,2808234,7727.14
151,2015-12-29 00:00:00+00:00,275,279.7,273.1,275.4,275,4778178,13208.65
152,2015-12-30 00:00:00+00:00,273.55,274.8,271.55,274.8,273.5,3672359,10027.43
153,2015-12-31 00:00:00+00:00,264.2,271.9,263,271.2,270.7,3895920,10479.23
154,2016-01-04 00:00:00+00:00,265.95,269.9,261.1,262.9,262.15,5466484,14389.22
155,2016-01-05 00:00:00+00:00,265,268.85,262.2,266.5,266.6,3638163,9678.53
156,2016-01-06 00:00:00+00:00,268.7,274.2,261.65,263,262.85,5120799,13695.83
157,2016-01-07 00:00:00+00:00,277,277.05,263,269,267.95,2620461,7022.82
158,2016-01-08 00:00:00+00:00,280.25,282.75,274.2,275.5,275.6,1925414,5331.07
159,2016-01-11 00:00:00+00:00,284.35,285.25,276,279.85,279.05,1807307,5082.79
160,2016-01-12 00:00:00+00:00,287.95,289,280.9,281.5,281.95,2455660,7003.26
161,2016-01-13 00:00:00+00:00,282.4,289.6,279.7,284.25,285.1,4583181,13079.39
162,2016-01-14 00:00:00+00:00,271.1,279.8,271.1,278.65,278.25,3121544,8655.43
163,2016-01-15 00:00:00+00:00,282,286.5,276.1,280.4,280.45,5863983,16553.84
164,2016-01-19 00:00:00+00:00,270,284.4,270,279.65,280.15,8055761,22500.69
165,2016-01-20 00:00:00+00:00,259,270.3,253.25,266,266.7,7044561,18431.55
166,2016-01-21 00:00:00+00:00,265.1,276.9,255.15,275.5,273.1,6833906,18386.99
167,2016-01-22 00:00:00+00:00,284,285,260.25,274.6,274.85,6697007,18375.08
168,2016-01-25 00:00:00+00:00,290.25,294.9,278.6,289.55,288.35,4593306,13229.01
169,2016-01-26 00:00:00+00:00,302.9,303.7,286.1,291.15,290.65,5397599,15929.24
170,2016-01-27 00:00:00+00:00,300.95,307.3,299.45,304,304,2590100,7871.4
171,2016-01-28 00:00:00+00:00,305.25,306.8,300.7,301.3,301.8,1806919,5489.77
172,2016-01-29 00:00:00+00:00,304,311.25,301.65,305.3,304.25,3631793,11123.41
173,2016-02-01 00:00:00+00:00,306,310.7,302.8,303.7,304.25,2154759,6585.37
174,2016-02-02 00:00:00+00:00,310.7,310.7,304.05,307.7,307.2,4416130,13560.72
175,2016-02-03 00:00:00+00:00,307.05,314.95,306.6,309,308.85,3278437,10171.94
176,2016-02-04 00:00:00+00:00,306,310,300.95,309.9,308.35,3653286,11183.31
177,2016-02-05 00:00:00+00:00,315.05,315.75,301.4,304.5,305.45,3408593,10502.65
178,2016-02-08 00:00:00+00:00,313.85,317,307.55,314.05,313.55,3742677,11717.46
179,2016-02-09 00:00:00+00:00,323,326.9,311.45,317.6,316.4,4683847,14922.72
180,2016-02-10 00:00:00+00:00,327.7,328.75,321.65,323.7,323,4519030,14701.51
181,2016-02-11 00:00:00+00:00,315.05,328.35,315,325.95,325.75,14484043,46643.39
182,2016-02-12 00:00:00+00:00,314,316.7,311.8,313.1,313.3,3481728,10911.99
183,2016-02-16 00:00:00+00:00,315,319.1,312.55,314.25,314.1,2517494,7944.49
184,2016-02-17 00:00:00+00:00,317.6,319.65,314,314.7,315.3,2411068,7628.8
185,2016-02-18 00:00:00+00:00,314.65,319.2,312.2,317.45,317.6,2171903,6855.32
186,2016-02-19 00:00:00+00:00,312.3,315.85,310.35,312.85,312.95,1896601,5938.16
187,2016-02-22 00:00:00+00:00,312,313.5,307.25,312.3,312.25,2703849,8380.41
188,2016-02-23 00:00:00+00:00,311.9,315.15,310.15,310.95,311.2,2073353,6469.92
189,2016-02-24 00:00:00+00:00,314.3,314.95,307.55,310.7,311.15,2014415,6252.42
190,2016-02-25 00:00:00+00:00,317.75,317.8,311.8,313.45,312.9,1602814,5040.75
191,2016-02-26 00:00:00+00:00,308.05,318,306.35,316.05,316.4,6874520,21586.26
192,2016-02-29 00:00:00+00:00,306.5,309.3,303.55,306.8,306.6,4620000,14164.22
193,2016-03-01 00:00:00+00:00,305.5,308.8,302.5,305.65,305.55,3315278,10164.51
194,2016-03-02 00:00:00+00:00,303.7,307.7,300.55,305.5,305.95,3956481,12073.55
195,2016-03-03 00:00:00+00:00,301,306.35,299.7,302.8,302.75,4703911,14271.47
196,2016-03-04 00:00:00+00:00,302.25,303,298.15,300.2,300.15,2280137,6845.56
197,2016-03-07 00:00:00+00:00,301,303.8,297.75,302,300.85,4692403,14149.92
198,2016-03-08 00:00:00+00:00,292,301.45,291.7,300.7,300.65,8383608,24973.97
199,2016-03-09 00:00:00+00:00,280,293.95,275.1,291.6,290.85,5912782,17013.97
200,2016-03-10 00:00:00+00:00,289,289.95,286.15,287.1,286.85,3036814,8735.39
201,2016-03-11 00:00:00+00:00,288,288.25,279.2,284.5,284.3,5575066,15810.93
202,2016-03-14 00:00:00+00:00,290,292.5,282.2,284.8,284.45,6799578,19574.91
203,2016-03-15 00:00:00+00:00,298.6,298.6,286.65,287.45,287.8,6874578,20150.22
204,2016-03-16 00:00:00+00:00,290,299.55,285.9,297.85,298.35,8045275,23729.27
205,2016-03-17 00:00:00+00:00,287.55,289.9,285.05,288.05,288.45,4297335,12354.21
206,2016-03-18 00:00:00+00:00,276,284.85,275.65,284.8,284,3820082,10662.6
207,2016-03-21 00:00:00+00:00,278.9,282.95,273.6,275.3,274.95,4358618,12100.11
208,2016-03-22 00:00:00+00:00,279.4,283.75,278.15,280.4,279.95,4876970,13694.44
209,2016-03-23 00:00:00+00:00,285,286.5,276.4,280.3,279.05,5784862,16212.97
210,2016-03-24 00:00:00+00:00,288.45,293.6,282.6,284,283.55,7150041,20637.33
211,2016-03-28 00:00:00+00:00,278.9,292.2,277.55,288.1,287.1,9944314,28436.36
212,2016-03-29 00:00:00+00:00,287.3,290.65,278.3,279.05,280.2,6464166,18367.29
213,2016-03-30 00:00:00+00:00,277,289.8,276.5,287.2,287.75,11258640,32227.87
214,2016-03-31 00:00:00+00:00,277.5,278.4,274.3,277.75,277.45,2208868,6106.05
215,2016-04-01 00:00:00+00:00,275.05,280,275.05,277.2,278.7,3855810,10704.91
216,2016-04-04 00:00:00+00:00,273.15,276.95,270.5,276.25,274.8,3371088,9240.31
217,2016-04-05 00:00:00+00:00,273.5,275.85,267.75,275,274.05,5015906,13645.79
218,2016-04-06 00:00:00+00:00,275.9,280.75,271.15,273.5,273.15,12063135,33327.37
219,2016-04-07 00:00:00+00:00,261.15,276.25,259.25,275.15,274.9,13458563,36047.39
220,2016-04-08 00:00:00+00:00,252.25,260.8,250.8,258.95,259.9,6857865,17611.63
221,2016-04-11 00:00:00+00:00,254,254.65,247.2,251.25,251.95,6292626,15781.35
222,2016-04-12 00:00:00+00:00,237.9,253.35,237.9,252.15,250.9,17805319,44321.86
223,2016-04-13 00:00:00+00:00,234.7,248,228.4,246.4,246.7,15847309,37901.49
224,2016-04-14 00:00:00+00:00,236.3,239.8,232.85,233.95,234.4,2923051,6914.92
225,2016-04-15 00:00:00+00:00,240.7,244,234.65,236.3,236.15,7726311,18509.13
226,2016-04-18 00:00:00+00:00,225.8,241.6,225.3,239.85,240.45,11299727,26521.93
227,2016-04-19 00:00:00+00:00,226,228,222.55,225.4,224.5,3299527,7424.32
228,2016-04-20 00:00:00+00:00,235,235.5,221.3,225,225,5306883,12105.05
229,2016-04-21 00:00:00+00:00,224.9,236.9,224,234.45,234.7,6994467,16298.62
230,2016-04-22 00:00:00+00:00,227,227.9,224.35,225.5,225.3,1920643,4331.7
231,2016-04-25 00:00:00+00:00,227.9,231.25,223.4,226.95,226.35,7866167,17834.16
232,2016-04-26 00:00:00+00:00,226.95,231.4,226.35,228,227.8,3608627,8238.83
233,2016-04-27 00:00:00+00:00,226.95,228.25,223.15,227.5,226.95,5175219,11696.96
234,2016-04-28 00:00:00+00:00,225,230.25,222.5,226.5,226.8,13953152,31569.51
235,2016-04-29 00:00:00+00:00,211.3,221.8,209.75,221.7,220.5,8891566,19257.33
236,2016-05-02 00:00:00+00:00,204.95,210.85,203.4,209.7,209.8,4964383,10341.97
237,2016-05-03 00:00:00+00:00,211,211.5,203,205,205.3,2640192,5437.31
238,2016-05-04 00:00:00+00:00,204,210.25,203.55,209.7,209.65,3568231,7402.2
239,2016-05-05 00:00:00+00:00,205.5,207.45,202.6,203.75,203.1,2952899,6030.3
240,2016-05-06 00:00:00+00:00,207.9,207.95,203.7,203.85,204.6,532661,1095.73
241,2016-05-09 00:00:00+00:00,211.45,211.45,205.6,207.5,206.8,4687271,9730.6
242,2016-05-10 00:00:00+00:00,210.4,213.35,209.05,210.55,210.3,3269191,6898.79
243,2016-05-11 00:00:00+00:00,210.3,211.85,207.1,209.4,209.6,2658347,5563.4
244,2016-05-12 00:00:00+00:00,211,214.2,209.25,210,210.25,3171251,6713.26
245,2016-05-13 00:00:00+00:00,211,212.9,208,212,212,3902627,8224.13
246,2016-05-16 00:00:00+00:00,209.45,216,205.6,209.75,209.4,6891689,14629.38
247,2016-05-17 00:00:00+00:00,209.5,211.15,207.7,208.5,208.45,2125747,4448.8
248,2016-05-18 00:00:00+00:00,209.65,211.35,207.65,208.25,208.3,1653094,3454.22
249,2016-05-19 00:00:00+00:00,210,212.25,208.65,209.6,209.6,2534607,5332.72
250,2016-05-20 00:00:00+00:00,204.95,210.55,204.55,210.5,209.45,2228532,4637.19
251,2016-05-23 00:00:00+00:00,207.3,207.7,203.15,205.7,204.95,1964885,4032.28
252,2016-05-24 00:00:00+00:00,207.25,210.55,205,206.85,206.45,1985873,4118.57
253,2016-05-25 00:00:00+00:00,204.5,209.9,203.4,206.6,205.8,3721338,7700.44
254,2016-05-26 00:00:00+00:00,199.05,204.5,198.7,204,203.15,4602566,9312.65
255,2016-05-27 00:00:00+00:00,206.5,207,196.65,198.5,198.6,3331256,6727.73
256,2016-05-31 00:00:00+00:00,196,206.45,195.3,204.95,204.65,5546594,11185.5
257,2016-06-01 00:00:00+00:00,201.45,202,192.3,197,196.65,4019965,7877.39
258,2016-06-02 00:00:00+00:00,211,211,200,201.2,201.15,3851873,7911.13
259,2016-06-03 00:00:00+00:00,214,214.8,207.3,213.5,212.2,2914695,6159.43
260,2016-06-06 00:00:00+00:00,216.4,216.85,213.1,213.65,213.7,2906933,6234.53
261,2016-06-07 00:00:00+00:00,213,220.2,212.85,216.4,216.2,9580786,20840.29
262,2016-06-08 00:00:00+00:00,212.65,215,210.7,213.45,213.3,2491966,5303.92
263,2016-06-09 00:00:00+00:00,211,213.7,208.85,210.1,210.55,2608124,5500.51
264,2016-06-10 00:00:00+00:00,208.5,213.8,207.35,212.5,212.05,2980684,6266.23
265,2016-06-13 00:00:00+00:00,214.65,214.95,206.2,208.8,207.3,4637092,9768.64
266,2016-06-14 00:00:00+00:00,212,213.65,210.15,211.7,212.05,4884083,10349.32
267,2016-06-15 00:00:00+00:00,209.2,211.05,207.3,209.4,209.25,3393087,7098.12
268,2016-06-16 00:00:00+00:00,206.1,210.8,205.45,206.55,206.9,6430260,13393.1
269,2016-06-17 00:00:00+00:00,207.95,209.3,204.8,205.4,205.75,5862028,12129.82
270,2016-06-20 00:00:00+00:00,195.1,207.2,194.6,206.5,205.95,14490021,29584.24
271,2016-06-21 00:00:00+00:00,194.3,197.4,193.3,197.15,196.7,3442385,6738.89
272,2016-06-22 00:00:00+00:00,198,198.4,190.5,193.3,193.3,4372250,8461.6
273,2016-06-23 00:00:00+00:00,198.25,200.65,196.3,197.8,197.6,3401210,6743.59
274,2016-06-24 00:00:00+00:00,198.5,200.7,196.1,198.2,198,7760949,15413.6
275,2016-06-27 00:00:00+00:00,193,198.15,192.35,197.5,197.05,7173447,14034.74
276,2016-06-28 00:00:00+00:00,192.95,197.5,189.35,190.55,190.35,5679382,10969.25
277,2016-06-29 00:00:00+00:00,195,196.3,192.05,193.9,193.3,3684762,7147.52
278,2016-06-30 00:00:00+00:00,197.3,198.3,193.7,194.2,194.25,4587179,8960.23
279,2016-07-01 00:00:00+00:00,191.5,197.45,189.15,196.75,196.55,7522673,14522.9
280,2016-07-05 00:00:00+00:00,197.15,199.5,188.85,190.6,189.85,7466196,14417.1
281,2016-07-06 00:00:00+00:00,196.65,203,194.4,196.5,196.15,15744338,31403.67
282,2016-07-07 00:00:00+00:00,189.8,196.4,188.05,195.7,194.4,10030010,19308.69
283,2016-07-08 00:00:00+00:00,194,197.4,189.8,190.9,190.6,10381703,20050.09
284,2016-07-11 00:00:00+00:00,182.5,196.75,181.5,194,193.85,29191015,55755.08
285,2016-07-12 00:00:00+00:00,166,180.3,165.1,177.3,178.75,9368807,16312.73
286,2016-07-13 00:00:00+00:00,155.1,164.8,152.05,163.4,164.2,6027593,9628.51
287,2016-07-14 00:00:00+00:00,161.85,163.5,153.2,157.3,156,2470478,3921.42
288,2016-07-15 00:00:00+00:00,165.5,166.9,160.45,161,162.1,1267995,2082.83
289,2016-07-18 00:00:00+00:00,171.8,171.8,165.6,166.25,166,2372930,3988.91
290,2016-07-19 00:00:00+00:00,167,171.7,167,170.5,170.45,2548868,4339.35
291,2016-07-20 00:00:00+00:00,164.7,167.6,163.85,166.35,166.45,2298689,3815.79
292,2016-07-21 00:00:00+00:00,165.95,169.4,164.5,167,166.65,2895078,4845.26
293,2016-07-22 00:00:00+00:00,168,168.55,164.2,164.85,165.1,2009220,3334.75
294,2016-07-25 00:00:00+00:00,171,171.75,166.75,167.8,167.5,2140964,3622.9
295,2016-07-26 00:00:00+00:00,169.5,172.4,168.35,170.1,169.55,1896521,3230.5
296,2016-07-27 00:00:00+00:00,167.9,170.65,166.85,168.85,169.15,2290563,3860.48
297,2016-07-28 00:00:00+00:00,173.85,173.85,167.7,168.4,168.4,2370296,4031.92
298,2016-07-29 00:00:00+00:00,172,175.35,170.75,172.35,172.2,3803339,6583.98
299,2016-08-01 00:00:00+00:00,170.5,172.25,169.2,171.7,171.15,2103806,3600.42
300,2016-08-02 00:00:00+00:00,172.2,174.3,169.45,170.4,170,2636591,4536.3
301,2016-08-03 00:00:00+00:00,171.9,173.85,169.7,172.5,172.2,4670938,8039.92
302,2016-08-04 00:00:00+00:00,175.4,176.25,170.3,171,171.3,2791324,4827.35
303,2016-08-05 00:00:00+00:00,173.8,177.4,173.7,175.1,175.15,4161102,7313.99
304,2016-08-08 00:00:00+00:00,176.1,178.7,173.05,173.95,173.75,3264325,5734.23
305,2016-08-09 00:00:00+00:00,174.25,179.3,172.6,176.95,177,4882663,8646
306,2016-08-10 00:00:00+00:00,175.9,175.9,172.05,174.25,174.2,2831387,4932.13
307,2016-08-11 00:00:00+00:00,175.35,176.7,171.2,174.75,175.4,5222043,9084.43
308,2016-08-12 00:00:00+00:00,171.05,174.8,169,173.35,173.75,10623109,18368.34
309,2016-08-15 00:00:00+00:00,167.05,172.8,167.05,169.25,169.5,12571250,21392.59
310,2016-08-16 00:00:00+00:00,159,167.85,157.1,167.2,166.55,4761386,7866.08
311,2016-08-17 00:00:00+00:00,153.15,158.9,153.1,157.65,157.75,6442241,10106.02
312,2016-08-18 00:00:00+00:00,156.5,157.8,152.75,153.25,153.35,4873097,7546.37
313,2016-08-19 00:00:00+00:00,151.5,157.1,150,156.3,156.15,5849123,9038.88
314,2016-08-22 00:00:00+00:00,153.7,154.15,149.75,150.1,150.05,3080845,4670.92
315,2016-08-23 00:00:00+00:00,152.5,155.65,150.75,151.65,151.6,8680232,13243.65
316,2016-08-24 00:00:00+00:00,148,151.7,147.1,150.5,150.65,1854572,2787.02
317,2016-08-25 00:00:00+00:00,149.95,151.7,147.9,149.5,148.5,2280933,3427.43
318,2016-08-26 00:00:00+00:00,147.25,150.2,146.4,149,149.15,2135161,3171.42
319,2016-08-29 00:00:00+00:00,151.15,151.95,145.75,147.4,147.35,1465569,2168.84
320,2016-08-30 00:00:00+00:00,154.6,155,149.8,151.3,151.15,1980476,3003.79
321,2016-08-31 00:00:00+00:00,157,158.6,154,154.2,154.75,2216575,3452.47
322,2016-09-01 00:00:00+00:00,156.8,159.4,156.05,156.65,156.8,2770731,4366.89
323,2016-09-02 00:00:00+00:00,156.75,158.65,155.55,156.6,156.85,1212404,1905.12
324,2016-09-06 00:00:00+00:00,159,159.55,155.9,156.3,156.4,1362450,2137.51
325,2016-09-07 00:00:00+00:00,159.95,161.8,157.7,157.8,158.2,1968954,3144.41
326,2016-09-08 00:00:00+00:00,158.45,162.75,157.6,158.75,159.1,3647423,5845.75
327,2016-09-09 00:00:00+00:00,156.95,160.45,155.05,158.15,158.45,4815053,7637.53
328,2016-09-12 00:00:00+00:00,152.45,157.7,151.7,155.75,156.45,3463217,5359.78
329,2016-09-13 00:00:00+00:00,153.5,154.5,151.75,151.8,152.1,1438107,2198.67
330,2016-09-14 00:00:00+00:00,154.9,155.65,152.8,154,154.4,1319642,2033.52
331,2016-09-15 00:00:00+00:00,155.1,156.9,153.4,154.2,154.6,1479812,2293.76
332,2016-09-16 00:00:00+00:00,152.65,156.4,152.4,155.1,155.55,1943703,3006.86
333,2016-09-19 00:00:00+00:00,155,155.65,152.2,152.5,153,1290705,1983
334,2016-09-20 00:00:00+00:00,155.05,156.5,152.9,154.8,154.95,1647207,2549.95
335,2016-09-21 00:00:00+00:00,153.1,158.35,152.15,154.6,154.85,3603942,5621.37
336,2016-09-22 00:00:00+00:00,148.35,154,148.25,153.05,152.4,2952069,4485.21
337,2016-09-23 00:00:00+00:00,148.55,151,147.55,149.7,149.4,3325237,4964.89
338,2016-09-26 00:00:00+00:00,145,146.2,143.7,145.45,145.55,1513053,2196.49
339,2016-09-27 00:00:00+00:00,147.2,147.5,143.9,144.9,145.4,977041,1425.46
340,2016-09-28 00:00:00+00:00,144,147.25,143.5,146.9,146.9,1417686,2068.14
341,2016-09-29 00:00:00+00:00,143.45,144.65,142.1,143.25,143.05,1842806,2641.78
342,2016-09-30 00:00:00+00:00,145.2,146.1,140.2,142,141.7,1755862,2511.75
343,2016-10-03 00:00:00+00:00,148.05,148.4,143.65,144.7,144.75,1355129,1972.13
344,2016-10-04 00:00:00+00:00,149.8,151.15,147.2,147.95,147.8,1098727,1636.02
345,2016-10-05 00:00:00+00:00,149.5,153.8,148.35,149.3,149.5,2744849,4157.98
346,2016-10-06 00:00:00+00:00,152,152.6,147,147.1,147.5,1233917,1847.07
347,2016-10-07 00:00:00+00:00,154,154.65,152.5,152.5,152.85,1161590,1779.67
348,2016-10-10 00:00:00+00:00,154.6,155.45,153,153.85,154.45,1306020,2013.41
349,2016-10-11 00:00:00+00:00,152.65,155,152.45,154.55,154.6,1012554,1558.96
350,2016-10-12 00:00:00+00:00,154,154.75,151.65,152.6,152.65,940916,1435.63
351,2016-10-13 00:00:00+00:00,155,156.2,153.2,153.75,154,589464,910.88
352,2016-10-14 00:00:00+00:00,154.9,156.35,153.9,154.65,154.85,1186929,1838.9
353,2016-10-17 00:00:00+00:00,153.2,155.15,152.55,154,154.05,939148,1444.34
354,2016-10-18 00:00:00+00:00,152.8,154.15,151.95,152.45,152.6,1239593,1897.26
355,2016-10-19 00:00:00+00:00,156.5,156.5,151.1,152,152.3,1349536,2073.09
356,2016-10-20 00:00:00+00:00,156.3,158.3,154.8,155,155.35,1653237,2581.07
357,2016-10-21 00:00:00+00:00,158.85,158.85,155.55,156.25,156.2,1523044,2385.92
358,2016-10-24 00:00:00+00:00,154.3,161.45,153.75,157.5,157.7,6827849,10835.58
359,2016-10-25 00:00:00+00:00,153.4,154.7,152,152.8,153.1,1132516,1736.48
360,2016-10-26 00:00:00+00:00,155,155.4,151.55,152,152.1,1388038,2122.54
361,2016-10-27 00:00:00+00:00,152.45,156.6,151.6,154.05,153.75,4161713,6433.14
362,2016-10-28 00:00:00+00:00,152.4,153.15,151,151.6,151.7,945527,1437.23
363,2016-10-31 00:00:00+00:00,151,153.25,151,151.5,151.95,1079887,1642.96
364,2016-11-01 00:00:00+00:00,153.5,153.9,149.7,151.2,151.3,1293698,1966.07
365,2016-11-02 00:00:00+00:00,150.25,153.6,150.25,152,152.15,1540540,2346.43
366,2016-11-03 00:00:00+00:00,147.9,150.8,147.5,150.6,150.2,1092317,1632.17
367,2016-11-04 00:00:00+00:00,149.1,152.5,147.5,147.7,148.15,1563947,2356.03
368,2016-11-07 00:00:00+00:00,151,151,148.55,149.05,149.45,830703,1242.12
369,2016-11-08 00:00:00+00:00,152,153,149.8,150,150.5,1272204,1929.81
370,2016-11-09 00:00:00+00:00,153.95,153.95,150.3,151.8,151.75,1907247,2899.6
371,2016-11-10 00:00:00+00:00,151.5,153.75,151.05,153.7,153.4,2064221,3146.21
372,2016-11-11 00:00:00+00:00,151.5,152.25,149.4,150.55,150.95,1857915,2800.01
373,2016-11-14 00:00:00+00:00,152.8,154.45,150,150,150.6,1444642,2202.25
374,2016-11-15 00:00:00+00:00,152.9,154.35,151.25,152.55,153.05,2295942,3509.67
375,2016-11-16 00:00:00+00:00,152.8,154.8,151,152.75,152.65,2011288,3079.38
376,2016-11-17 00:00:00+00:00,150.65,153.5,150.3,151.3,151.9,1788548,2722.96
377,2016-11-18 00:00:00+00:00,151.45,152.1,150.1,150.5,150.55,1193137,1803.31
378,2016-11-21 00:00:00+00:00,151.45,152.75,149.7,150,150.15,3022795,4557.84
379,2016-11-22 00:00:00+00:00,151.7,153,149.5,150.1,150.6,2092924,3168.41
380,2016-11-23 00:00:00+00:00,149.9,153.9,148,153,150.55,2740120,4110.55
381,2016-11-25 00:00:00+00:00,151,151.9,148,148,148.6,2933289,4381.41
382,2016-11-28 00:00:00+00:00,152.9,153.15,150.5,150.85,151.15,3485991,5286.28
383,2016-11-29 00:00:00+00:00,143.9,152.5,143.2,151.7,151.6,6422298,9552.1
384,2016-11-30 00:00:00+00:00,145.55,145.55,142.2,142.75,143.1,2306755,3313.05
385,2016-12-01 00:00:00+00:00,147,148.45,145.1,145.6,145.9,2955856,4332.96
386,2016-12-02 00:00:00+00:00,144.8,147.45,144.8,146.55,146.45,2675495,3920.26
387,2016-12-05 00:00:00+00:00,145.7,145.7,142.25,144.5,144.8,1898811,2738.14
388,2016-12-06 00:00:00+00:00,141.6,145.5,141.35,144.45,144.7,3987646,5746.46
389,2016-12-07 00:00:00+00:00,139.6,142.1,139.3,140.95,140.9,1279451,1805.03
390,2016-12-08 00:00:00+00:00,140.2,140.4,138.6,139.6,139.5,838219,1169.88
391,2016-12-09 00:00:00+00:00,140.85,142.25,136.75,137.15,137.1,1671172,2322.75
392,2016-12-12 00:00:00+00:00,140.6,142.35,140.2,140.6,140.8,1073015,1515.67
393,2016-12-13 00:00:00+00:00,142.4,143,140.05,140.8,141.4,1103877,1561.79
394,2016-12-14 00:00:00+00:00,143,144.15,142.2,142.4,142.75,727617,1040.72
395,2016-12-15 00:00:00+00:00,143.95,145.2,142.1,142.8,143.25,2043052,2933.15
396,2016-12-16 00:00:00+00:00,141.1,144.2,140.1,143.25,143.35,1672938,2381.46
397,2016-12-19 00:00:00+00:00,145.45,145.75,140.05,141.1,141.1,1765255,2518.52
398,2016-12-20 00:00:00+00:00,138.5,145.8,138.25,144.1,143.6,4919352,7066.2
399,2016-12-21 00:00:00+00:00,139.15,139.85,136.75,138.15,138.05,1513693,2088.58
400,2016-12-22 00:00:00+00:00,139,140.45,138.35,138.45,138.9,1129032,1574.65
401,2016-12-23 00:00:00+00:00,140.05,140.9,138.7,139.1,139.25,1340126,1871.67
402,2016-12-27 00:00:00+00:00,142.55,142.75,139.6,139.75,140,1296093,1827.19
403,2016-12-28 00:00:00+00:00,142.15,143.2,141,141.7,141.6,1671915,2369.22
404,2016-12-29 00:00:00+00:00,141,142.6,139.8,141.4,141.6,1517679,2144.39
405,2016-12-30 00:00:00+00:00,140.9,141.95,139.65,139.8,140.15,952450,1341.58
406,2017-01-03 00:00:00+00:00,139.2,140.7,138.1,140.65,140.1,942382,1314.08
407,2017-01-04 00:00:00+00:00,140.9,142.85,138,138.4,138.75,1193620,1672.79
408,2017-01-05 00:00:00+00:00,142.4,143.7,139.95,140.9,141.2,1395593,1978.89
409,2017-01-06 00:00:00+00:00,144.9,146.85,141.25,141.5,141.95,2224197,3183.39
410,2017-01-09 00:00:00+00:00,143.95,145.5,142.6,144,143.95,1367413,1969.94
411,2017-01-10 00:00:00+00:00,146,147.15,143.05,143.75,143.9,1726818,2498.72
412,2017-01-11 00:00:00+00:00,141.95,146.9,141.35,145.85,146.15,2162887,3121.95
413,2017-01-12 00:00:00+00:00,142.1,145.8,140.1,141.9,141.65,2205918,3157.09
414,2017-01-13 00:00:00+00:00,141.9,144.75,141.2,142.8,142.75,2127506,3039.13
415,2017-01-17 00:00:00+00:00,138.2,143.9,137.1,141.55,141.85,3569132,5036.55
416,2017-01-18 00:00:00+00:00,132.45,138.8,132.4,137.4,137.65,6652685,9084
417,2017-01-19 00:00:00+00:00,129.05,130.65,127.35,129.85,130.1,1221969,1580.78
418,2017-01-20 00:00:00+00:00,130.5,132,128.5,128.7,128.85,1614154,2100.16
419,2017-01-23 00:00:00+00:00,129.1,131.8,128.1,130.25,130.45,1256759,1635.01
420,2017-01-24 00:00:00+00:00,128.35,129.95,128.35,128.8,129.2,759876,982.7
421,2017-01-25 00:00:00+00:00,129.25,129.25,127.45,128.3,128.35,909771,1166.6
422,2017-01-26 00:00:00+00:00,128.8,128.95,126.85,128.5,128.45,996229,1272.85
423,2017-01-27 00:00:00+00:00,127.6,128.4,126.6,127.65,127.9,746313,952.83
424,2017-01-30 00:00:00+00:00,130.25,131.35,126,126.9,126.4,961631,1233.64
425,2017-01-31 00:00:00+00:00,129.8,131.55,129.15,130.25,130.5,1308883,1708.02
426,2017-02-01 00:00:00+00:00,128,130.45,127.7,128.5,128.65,1059940,1367.68
427,2017-02-02 00:00:00+00:00,128.6,129.4,126.55,127.5,127.6,851814,1090.57
428,2017-02-03 00:00:00+00:00,128.2,128.4,127,127.6,127.65,538746,688.06
429,2017-02-06 00:00:00+00:00,126.9,130.9,126.65,128.15,128.35,3617760,4668.88
430,2017-02-07 00:00:00+00:00,128.3,128.4,124.05,124.9,125.15,1403598,1764.05
431,2017-02-08 00:00:00+00:00,125,127.9,124.55,127.65,127.55,839283,1061.75
432,2017-02-09 00:00:00+00:00,125.5,125.5,123.8,124.5,124.45,533212,663.16
433,2017-02-10 00:00:00+00:00,124.75,125.5,123.95,124.75,124.75,414927,517.65
434,2017-02-13 00:00:00+00:00,125.4,126.95,124.05,124.5,124.65,1255021,1573.67
435,2017-02-14 00:00:00+00:00,124.75,125.65,124.55,125.3,125.2,503565,630.23
436,2017-02-15 00:00:00+00:00,125,126.05,123.8,124.1,124.45,656213,818.98
437,2017-02-16 00:00:00+00:00,122.8,125.4,122.8,124.75,124.45,580430,721.93
438,2017-02-17 00:00:00+00:00,122.8,124.2,121.35,123.55,123.55,1102178,1354.06
439,2017-02-21 00:00:00+00:00,121.1,123.3,121.1,122,122,1017447,1244.54
440,2017-02-22 00:00:00+00:00,119.6,122.15,119.6,121.3,121.1,1025503,1241.44
441,2017-02-23 00:00:00+00:00,119.2,122,119.2,119.8,119.6,866902,1047.42
442,2017-02-24 00:00:00+00:00,117,121.05,116.45,120.05,120.55,728501,870.77
443,2017-02-27 00:00:00+00:00,118.8,118.85,116.3,117.4,117,425216,498.73
444,2017-02-28 00:00:00+00:00,119.5,119.8,118,118.7,118.85,749376,891.02
445,2017-03-01 00:00:00+00:00,122.4,122.4,119,119.3,119.4,839802,1006.49
446,2017-03-02 00:00:00+00:00,120.75,122.95,120.75,121.95,121.6,677057,826.44
447,2017-03-03 00:00:00+00:00,124.8,125,120.75,121.2,121.25,646197,790.28
448,2017-03-06 00:00:00+00:00,124.8,126.1,124,124.05,124.3,923038,1153.8
449,2017-03-07 00:00:00+00:00,125,125,122.95,124,124.3,804735,997.33
450,2017-03-08 00:00:00+00:00,122.5,126.85,122.2,124.4,124.45,2212399,2759.52
451,2017-03-09 00:00:00+00:00,123.85,124.8,122.4,122.95,122.75,826188,1021.86
452,2017-03-10 00:00:00+00:00,124.05,125,123.05,123.4,123.35,502421,621.51
453,2017-03-13 00:00:00+00:00,123.9,125,122.1,123.45,123.35,760874,942.51
454,2017-03-14 00:00:00+00:00,124.35,124.6,123.5,123.7,123.9,920060,1141.18
455,2017-03-15 00:00:00+00:00,123,125.1,123,123.75,123.85,1090370,1354.02
456,2017-03-16 00:00:00+00:00,124.35,124.5,120.75,122.5,122.3,1217621,1497.39
457,2017-03-17 00:00:00+00:00,123.8,125.25,122.8,123.6,123.4,1486818,1846.66
458,2017-03-20 00:00:00+00:00,121.45,124.85,121.1,124,123.65,1401882,1726.87
459,2017-03-21 00:00:00+00:00,121.5,123.4,120.3,121.7,121.55,1343432,1636
460,2017-03-22 00:00:00+00:00,124.65,124.65,121.55,121.85,121.9,1205710,1487.76
461,2017-03-23 00:00:00+00:00,122.95,124.4,122.5,123.8,123.85,1616908,1998.63
462,2017-03-24 00:00:00+00:00,122.8,124.2,121.5,122.45,121.95,1993986,2444.39
463,2017-03-27 00:00:00+00:00,118.55,121.8,117.5,120.75,120.95,1738935,2098.12
464,2017-03-28 00:00:00+00:00,116,119.2,115.6,118.8,118.5,1474301,1729.5
465,2017-03-29 00:00:00+00:00,117.65,117.65,114.5,115.2,115.1,2220419,2571.17
466,2017-03-30 00:00:00+00:00,118.8,118.9,116.85,117.75,117.65,2170944,2551.58
467,2017-03-31 00:00:00+00:00,117.8,118.8,116.05,117.45,117.3,3411500,3996.57
468,2017-04-03 00:00:00+00:00,120.1,121.8,114.9,115.8,115.65,1976322,2322.63
469,2017-04-04 00:00:00+00:00,118.9,121,118.3,120.9,120.1,2008909,2408.65
470,2017-04-05 00:00:00+00:00,121.7,122.8,115.2,118.4,118.6,1306586,1571.34
471,2017-04-06 00:00:00+00:00,123.1,125.3,120.4,120.8,121.3,4703414,5766.07
472,2017-04-07 00:00:00+00:00,119.8,119.8,114.25,116.9,117,2405650,2821.05
473,2017-04-10 00:00:00+00:00,123,125.35,117.25,119.8,118.65,3058329,3676.04
474,2017-04-11 00:00:00+00:00,124,127.1,123.65,125.3,125.4,2170482,2726.12
475,2017-04-12 00:00:00+00:00,118,122.9,114.95,122.3,121.9,5272740,6252.64
476,2017-04-13 00:00:00+00:00,130,131,126.55,127.95,127.45,2758553,3546.48
477,2017-04-17 00:00:00+00:00,127.7,130.4,127.25,128.35,128,1948286,2510.17
478,2017-04-18 00:00:00+00:00,131,132,126,126.4,126.85,4614456,5932.76
479,2017-04-19 00:00:00+00:00,134.1,136.25,130.8,131.5,131.35,2063211,2736.84
480,2017-04-20 00:00:00+00:00,138,138,134.5,134.95,134.95,2026448,2751.99
481,2017-04-21 00:00:00+00:00,139.4,140.75,138.3,138.5,138.6,1497745,2087.7
482,2017-04-24 00:00:00+00:00,140.65,141,139,139.2,139.4,428310,598.95
483,2017-04-25 00:00:00+00:00,138,141.3,138,139.5,139.95,2281364,3195.54
484,2017-04-26 00:00:00+00:00,139.5,141.2,135.65,138,137.75,8524741,11813.66
485,2017-04-27 00:00:00+00:00,148,151.2,144.05,144.5,145.4,3586046,5290.8
486,2017-04-28 00:00:00+00:00,149.05,151.75,148.4,149.95,150,3234883,4848.43
487,2017-05-01 00:00:00+00:00,152.9,156,152,153.5,154.05,2715234,4200.26
488,2017-05-02 00:00:00+00:00,152.45,154.2,151.15,151.95,152.5,1751366,2667.13
489,2017-05-03 00:00:00+00:00,155.95,156.65,151.95,152.5,152.35,2780284,4276.92
490,2017-05-04 00:00:00+00:00,152,157.7,150.85,154.15,154.6,6685790,10411.71
491,2017-05-05 00:00:00+00:00,150.95,152.7,150.75,151.4,151.9,2736835,4153.1
492,2017-05-08 00:00:00+00:00,153,154.25,149.2,150.15,150.25,3180180,4826.62
493,2017-05-09 00:00:00+00:00,149,154.2,147.4,153.3,153.2,3968866,6001.16
494,2017-05-10 00:00:00+00:00,151.45,153,145.1,147.5,147.85,3116651,4631.63
495,2017-05-11 00:00:00+00:00,151.9,153.95,151.1,152.15,151.65,2063455,3145.51
496,2017-05-12 00:00:00+00:00,152.3,154.5,150.6,151.4,151.25,4097231,6233.4
497,2017-05-15 00:00:00+00:00,153.95,155.45,148.6,151.25,150.9,6256632,9528.1
498,2017-05-16 00:00:00+00:00,141.95,154.4,140.45,152.85,153.3,9741635,14554.9
499,2017-05-17 00:00:00+00:00,142.5,143.25,138.75,142,141.8,2678079,3782.65
500,2017-05-18 00:00:00+00:00,140.95,143.15,139.8,142.45,142.35,1927658,2741
501,2017-05-19 00:00:00+00:00,136.95,140.9,136.2,139.55,139.6,1471713,2041.23
502,2017-05-22 00:00:00+00:00,147.9,148,134.35,137.4,137,4753568,6621.12
503,2017-05-23 00:00:00+00:00,148.1,149.15,145.6,146.85,146.75,6464628,9527.29
504,2017-05-24 00:00:00+00:00,140.9,146.4,140.55,146.25,144.55,3316650,4746.09
505,2017-05-25 00:00:00+00:00,143.45,144.25,140,140.45,140.65,2769361,3938.54
506,2017-05-26 00:00:00+00:00,138.9,144,138.1,142.25,142.4,3538509,5004.07
507,2017-05-30 00:00:00+00:00,139.15,139.95,137.7,138.55,138.9,1204798,1671.52
508,2017-05-31 00:00:00+00:00,138,140.35,137.6,138,138.05,1635459,2272.11
509,2017-06-01 00:00:00+00:00,139.7,140.35,137.5,137.65,138,1787917,2480.4
510,2017-06-02 00:00:00+00:00,139.85,141.3,138.95,139.55,139.9,1362666,1906.02
511,2017-06-05 00:00:00+00:00,138.35,141.7,137.85,139.7,139.85,3029995,4235.35
512,2017-06-06 00:00:00+00:00,137.35,138.5,136.3,137,137,1451283,1991.88
513,2017-06-07 00:00:00+00:00,135.2,138.2,135.1,137.5,137.45,1045853,1429.46
514,2017-06-08 00:00:00+00:00,137.9,138.4,134.95,135.5,135.3,2248691,3060.59
515,2017-06-09 00:00:00+00:00,142.2,142.7,138.8,139.5,139.7,1199464,1687.44
516,2017-06-12 00:00:00+00:00,142.25,143.5,141.8,142.25,142.2,1155009,1647
517,2017-06-13 00:00:00+00:00,141.75,144.2,141.3,142.5,142.2,2381717,3401.42
518,2017-06-14 00:00:00+00:00,141.9,143.25,141.25,141.7,141.75,1300643,1852.52
519,2017-06-15 00:00:00+00:00,141.4,142.6,141,141.8,141.6,1681308,2384.65
520,2017-06-16 00:00:00+00:00,140.25,143.35,140,141.1,141.1,2493654,3534.56
521,2017-06-19 00:00:00+00:00,140.1,141.6,140,140.1,140.25,1401308,1969.16
522,2017-06-20 00:00:00+00:00,139.65,140.75,138.75,140.1,140.2,1832319,2561.91
523,2017-06-21 00:00:00+00:00,140.55,141.15,137.8,139.05,139,1604324,2231.58
524,2017-06-22 00:00:00+00:00,141,141.7,138.9,139.8,139.9,1468343,2058.33
525,2017-06-23 00:00:00+00:00,143.4,145.5,140.1,140.6,140.45,4868511,6958.79
526,2017-06-26 00:00:00+00:00,140.4,142.45,139.8,140.2,140.25,2956023,4163.7
527,2017-06-27 00:00:00+00:00,138.7,141,138.4,139.9,139.6,1282978,1791.19
528,2017-06-28 00:00:00+00:00,142,142.05,138,138.4,138.4,1398679,1947.98
529,2017-06-29 00:00:00+00:00,139.85,141.85,138.75,141.05,141.25,2298138,3228.51
530,2017-06-30 00:00:00+00:00,138.45,139.55,137.85,138.75,138.85,901208,1250.08
531,2017-07-03 00:00:00+00:00,138.8,139.4,137.15,137.7,137.65,778141,1074.7
532,2017-07-05 00:00:00+00:00,136.9,139.1,136.1,137.65,138.05,1518494,2088.3
533,2017-07-06 00:00:00+00:00,137.8,139.45,136,136.75,136.95,1024054,1414.49
534,2017-07-07 00:00:00+00:00,137.5,139.25,135.75,137.9,137.3,1140212,1568.72
535,2017-07-10 00:00:00+00:00,144.25,144.5,137.25,137.45,137.75,3289526,4614.1
536,2017-07-11 00:00:00+00:00,143.9,147,139.15,142.7,143.25,8549636,12302.18
537,2017-07-12 00:00:00+00:00,138.55,143.5,138.4,142.7,142.9,2430227,3446.81
538,2017-07-13 00:00:00+00:00,138.5,140.65,138.5,139.45,139.1,1427614,1988.02
539,2017-07-14 00:00:00+00:00,136,139.4,135.5,138.15,138.3,1515003,2088.78
540,2017-07-17 00:00:00+00:00,138.4,140.05,135.1,135.6,135.75,1451654,1996.69
541,2017-07-18 00:00:00+00:00,141,141.8,138.1,138.4,138.4,1175233,1646.87
542,2017-07-19 00:00:00+00:00,143,144.85,138.25,141,141,1987955,2823.73
543,2017-07-20 00:00:00+00:00,140.9,144.7,139.2,142.5,142.15,3056272,4351.61
544,2017-07-21 00:00:00+00:00,138,142.25,136.55,140.1,140.15,3754038,5255.56
545,2017-07-24 00:00:00+00:00,131.45,138.75,131.45,137.65,137.45,3576969,4878.82
546,2017-07-25 00:00:00+00:00,133.45,134.55,130.55,131.2,131.15,1271947,1687.67
547,2017-07-26 00:00:00+00:00,131.75,134,131.2,133.25,133.45,1656721,2195.84
548,2017-07-27 00:00:00+00:00,131.9,132.9,131.2,131.3,131.5,2012357,2649.89
549,2017-07-28 00:00:00+00:00,134.8,134.8,131.15,131.55,131.8,1884426,2501.25
550,2017-07-31 00:00:00+00:00,130.35,134.8,130.35,133.9,133.85,1887075,2518.99
551,2017-08-01 00:00:00+00:00,131.5,131.5,128.8,130.95,130.05,3903542,5074
552,2017-08-02 00:00:00+00:00,133,133.45,129.15,129.55,129.95,2283784,3004.79
553,2017-08-03 00:00:00+00:00,134,134.5,132.25,132.6,132.6,1587827,2112.71
554,2017-08-04 00:00:00+00:00,132.9,133.3,131.6,132.9,132.6,1093389,1448.93
555,2017-08-07 00:00:00+00:00,132.9,133.8,131.1,132.2,132.15,1306338,1726.29
556,2017-08-08 00:00:00+00:00,133.45,135.15,132.5,132.75,132.9,1612081,2157.91
557,2017-08-09 00:00:00+00:00,134,135,132.7,133.1,133.1,1689644,2259.91
558,2017-08-10 00:00:00+00:00,134.45,134.6,131.45,132.55,132.6,1296935,1718.88
559,2017-08-11 00:00:00+00:00,133.5,136.4,133.45,134.4,134.45,2125346,2871.1
560,2017-08-14 00:00:00+00:00,134.25,136.15,133.2,133.75,133.9,942568,1269.1
561,2017-08-15 00:00:00+00:00,135.6,135.8,133.8,134.5,134.1,1144671,1539.68
562,2017-08-16 00:00:00+00:00,132,136.75,131.5,134.25,134.9,5379977,7243.79
563,2017-08-17 00:00:00+00:00,130.5,131.95,129.45,131.6,131.2,2810587,3671.52
564,2017-08-18 00:00:00+00:00,128.15,130.9,128.1,129.55,129.7,2735697,3551.68
565,2017-08-21 00:00:00+00:00,127.5,128.6,126.75,128.25,127.85,2563561,3275.46
566,2017-08-22 00:00:00+00:00,124.75,126.4,124.3,125.95,125.95,2162032,2715.77
567,2017-08-23 00:00:00+00:00,120.5,124.85,117.1,123.4,124.25,3585896,4327.25
568,2017-08-24 00:00:00+00:00,127.5,128.15,125.6,126.4,126.75,1408701,1784.79
569,2017-08-25 00:00:00+00:00,125.6,128.65,124.7,127,127.25,2792498,3546.81
570,2017-08-28 00:00:00+00:00,126.3,126.8,125.1,125.15,125.45,447117,563.25
571,2017-08-29 00:00:00+00:00,124.55,127.15,124.55,126,126.15,732869,923.88
572,2017-08-30 00:00:00+00:00,126.5,128.35,124.7,125.4,125.7,1717907,2178.65
573,2017-08-31 00:00:00+00:00,126.9,128.55,123.8,125.8,126.1,1489092,1881.45
574,2017-09-01 00:00:00+00:00,127.25,128.15,126.6,126.75,127,1662070,2116.66
575,2017-09-05 00:00:00+00:00,129.4,129.5,126,126.35,126.5,2902578,3705.09
576,2017-09-06 00:00:00+00:00,122,129,122,127.9,128.15,4305954,5461.09
577,2017-09-07 00:00:00+00:00,125.3,126,122.7,123.75,123.65,900666,1119.05
578,2017-09-08 00:00:00+00:00,127.3,127.45,124.6,125.05,124.95,2825223,3554.62
579,2017-09-11 00:00:00+00:00,119.3,126.5,118.9,126,124.4,2390316,2952.57
580,2017-09-12 00:00:00+00:00,119.4,120.35,118.85,119.7,119.35,690551,826.5
581,2017-09-13 00:00:00+00:00,120.35,121.2,118.6,119.35,119.3,866406,1034.82
582,2017-09-14 00:00:00+00:00,120.95,122.1,119.7,120.35,120.2,1783456,2152.68
583,2017-09-15 00:00:00+00:00,118.5,119.8,117.65,119.65,119.25,549738,651.64
584,2017-09-18 00:00:00+00:00,118.2,119.45,117.85,117.9,118.05,581341,689.22
585,2017-09-19 00:00:00+00:00,117.8,119.1,117.55,118.1,117.75,658231,777.45
586,2017-09-20 00:00:00+00:00,118,119.65,117.3,117.9,117.95,692008,819.71
587,2017-09-21 00:00:00+00:00,118.1,119.4,116.85,117.05,117.3,676137,797.88
588,2017-09-22 00:00:00+00:00,120,120.25,118.15,118.35,118.6,1383549,1646.87
589,2017-09-25 00:00:00+00:00,120,121,119.15,119.5,119.5,1787665,2143.66
590,2017-09-26 00:00:00+00:00,121.7,122.2,119.7,121.7,121.75,1438192,1732.8
591,2017-09-27 00:00:00+00:00,120.5,124.1,119.7,120.5,120.4,1396870,1705.09
592,2017-09-28 00:00:00+00:00,119.9,121.15,119.5,120.1,120.05,466672,561.05
593,2017-09-29 00:00:00+00:00,120,122,118.95,119.8,119.95,1085102,1306.62
594,2017-10-02 00:00:00+00:00,120,121.75,119.55,120.65,120.95,641976,776.14
595,2017-10-03 00:00:00+00:00,121,121.4,119.6,120.5,120.35,1068540,1287.08
596,2017-10-04 00:00:00+00:00,119.55,121,118.45,120.75,120.65,688646,825.83
597,2017-10-05 00:00:00+00:00,118,120.7,118,119.5,119.55,1103386,1319.18
598,2017-10-06 00:00:00+00:00,117.75,119.2,117.25,119,118.95,596225,704.54
599,2017-10-09 00:00:00+00:00,117,118.25,116.3,117.5,117.3,622661,731.78
600,2017-10-10 00:00:00+00:00,119,119.95,118,118.4,118.2,526190,625.29
601,2017-10-11 00:00:00+00:00,118.9,120.4,117.45,118.6,118.75,1207381,1437.25
602,2017-10-12 00:00:00+00:00,116.55,119.5,115.8,118.7,118.1,654231,772.29
603,2017-10-13 00:00:00+00:00,117,117.8,115.3,117,116.35,745000,868.5
604,2017-10-16 00:00:00+00:00,119.8,119.8,116.3,116.65,116.95,894057,1054.9
605,2017-10-17 00:00:00+00:00,121.6,122.55,119.15,119.2,119.45,1356187,1638.36
606,2017-10-18 00:00:00+00:00,119.35,121.8,119,121.7,121.1,717595,860.64
607,2017-10-19 00:00:00+00:00,121,121.05,119,120.1,120.05,869948,1042.22
608,2017-10-20 00:00:00+00:00,122.5,123.5,120,120.4,120.3,2142054,2587.18
609,2017-10-23 00:00:00+00:00,122.5,123.95,121.95,122.4,122.4,1949554,2396.79
610,2017-10-24 00:00:00+00:00,120.6,122.5,120.6,121.55,121.8,984070,1199.34
611,2017-10-25 00:00:00+00:00,120.4,121.9,120,120.9,121.2,782130,943.57
612,2017-10-26 00:00:00+00:00,119,121.85,119,120.3,120.25,716365,863.98
613,2017-10-27 00:00:00+00:00,122.4,122.75,119.55,120.1,120.1,892645,1079.74
614,2017-10-30 00:00:00+00:00,120.2,123.2,119.55,121.8,121.85,1572869,1904.59
615,2017-10-31 00:00:00+00:00,120.85,121,119.1,120.4,120,765331,918.68
616,2017-11-01 00:00:00+00:00,119.05,121.35,118.95,120.5,120.65,928735,1116.52
617,2017-11-02 00:00:00+00:00,119.5,120.1,118.05,118.6,118.35,788617,938.67
618,2017-11-03 00:00:00+00:00,118,120.25,117.85,119.35,119.5,1050521,1254.56
619,2017-11-06 00:00:00+00:00,118.5,119,117,117.6,117.7,648096,765.29
620,2017-11-07 00:00:00+00:00,118.1,120.4,118.1,118.4,118.7,1147382,1370.59
621,2017-11-08 00:00:00+00:00,119.6,120,115,118.35,118.85,1327276,1576.32
622,2017-11-09 00:00:00+00:00,121,121.15,118,118.2,118.25,1663091,1986.04
623,2017-11-10 00:00:00+00:00,122.85,123.45,120.75,120.85,121.2,831737,1013.25
624,2017-11-13 00:00:00+00:00,122,124.2,120.2,122.15,122.55,1532533,1873.57
625,2017-11-14 00:00:00+00:00,122,122.3,120.3,121.2,121.25,1627181,1972.21
626,2017-11-15 00:00:00+00:00,119.9,125,119.5,121.45,121.4,1922207,2319.85
627,2017-11-16 00:00:00+00:00,119.1,120.4,118.4,119,119.3,3588313,4282.06
628,2017-11-17 00:00:00+00:00,120,121,118.5,119.05,119.4,1382616,1653.92
629,2017-11-20 00:00:00+00:00,121.6,122.15,118.65,119.5,119.45,1230385,1478.76
630,2017-11-21 00:00:00+00:00,121.05,123.3,120.45,121.5,121.4,1469400,1792.49
631,2017-11-22 00:00:00+00:00,119.2,120.9,118.75,119.7,119.9,839802,1006.63
632,2017-11-24 00:00:00+00:00,116.5,119.65,115.95,118.6,118.9,2062464,2442.85
633,2017-11-27 00:00:00+00:00,116,116.95,115,116,115.8,1396728,1617.02
634,2017-11-28 00:00:00+00:00,115.7,116.1,114.1,115.25,115.1,964165,1109.23
635,2017-11-29 00:00:00+00:00,116,116.4,115,115.7,115.45,1082982,1250.14
636,2017-11-30 00:00:00+00:00,116.05,117.35,113.9,115.5,115.65,1609295,1852.75
637,2017-12-01 00:00:00+00:00,116.55,117.6,115.05,115.95,115.85,1170769,1358.32
638,2017-12-04 00:00:00+00:00,117.8,118.1,115.4,116.9,116.45,1177827,1370.57
639,2017-12-05 00:00:00+00:00,115.65,117.5,114.55,116.7,116.85,1555016,1812.31
640,2017-12-06 00:00:00+00:00,114.3,116.4,113.1,115.6,115.65,1677380,1927.34
641,2017-12-07 00:00:00+00:00,110,113.9,109.15,113.75,113.25,1377634,1536.64
642,2017-12-08 00:00:00+00:00,110.5,111.25,107.95,109.85,109.5,1260507,1382.47
643,2017-12-11 00:00:00+00:00,110,112.75,109.45,109.6,109.9,1220668,1351.06
644,2017-12-12 00:00:00+00:00,104.2,109.5,104.2,109,108.9,1481271,1591.12
645,2017-12-13 00:00:00+00:00,105,107.1,101.6,103.8,103.55,1639500,1719.38
646,2017-12-14 00:00:00+00:00,107.95,108.5,103.8,104.8,104.75,2381968,2512.03
647,2017-12-15 00:00:00+00:00,107.8,108.05,102.5,107.2,106.2,9364686,9939.52
648,2017-12-18 00:00:00+00:00,106.2,108.3,105,106.8,106.7,758132,809.55
649,2017-12-19 00:00:00+00:00,109,109.5,105.1,106.5,106.65,1037357,1111.6
650,2017-12-20 00:00:00+00:00,107.3,109.85,107,109,109.1,1151733,1253.34
651,2017-12-21 00:00:00+00:00,105,108.2,104.25,107.25,107.3,1340622,1431.57
652,2017-12-22 00:00:00+00:00,105.4,106.5,102.5,105,104.55,1429030,1493.94
653,2017-12-26 00:00:00+00:00,103,104.6,101.1,104.35,104,1268061,1304.05
654,2017-12-27 00:00:00+00:00,107.7,108.9,102.2,102.6,102.65,1341261,1412.03
655,2017-12-28 00:00:00+00:00,105.1,108.45,105.1,105.9,106,1091675,1163.62
656,2017-12-29 00:00:00+00:00,103.25,106.4,100,104.45,104.3,2087141,2152.86
657,2018-01-02 00:00:00+00:00,112.7,115.8,102.4,107,105.25,5524328,6005.93
658,2018-01-03 00:00:00+00:00,120.5,121,116.45,118.65,118.35,1654991,1954.04
659,2018-01-04 00:00:00+00:00,123,124.4,120.1,121.25,120.75,1109232,1349
660,2018-01-05 00:00:00+00:00,123.05,126.1,122.5,123.85,123.9,1227619,1528.91
661,2018-01-08 00:00:00+00:00,121.9,123.95,121.45,123.5,122.5,797137,976.55
662,2018-01-09 00:00:00+00:00,123.1,123.4,120.4,122.5,121.6,1120485,1366.68
663,2018-01-10 00:00:00+00:00,123.05,124.8,121,121.65,121.75,877186,1080.52
664,2018-01-11 00:00:00+00:00,127.4,127.7,123.55,124.1,124.25,734748,923.04
665,2018-01-12 00:00:00+00:00,126.8,128.3,125.2,126.6,126.6,592819,752.61
666,2018-01-16 00:00:00+00:00,124.1,127.45,123.35,126.75,126.5,925581,1162.35
667,2018-01-17 00:00:00+00:00,124.95,125.4,122.6,123.2,123.15,1539708,1901.94
668,2018-01-18 00:00:00+00:00,124.95,125.95,123.3,124.45,124.45,655053,815.65
669,2018-01-19 00:00:00+00:00,125.85,127,123.4,124.15,124.3,682689,855.91
670,2018-01-22 00:00:00+00:00,123.85,126.9,121.95,125.3,125.55,1084192,1349.05
671,2018-01-23 00:00:00+00:00,123.05,124.55,119.5,121.55,121.75,1322358,1613.85
672,2018-01-24 00:00:00+00:00,124.6,124.6,120.5,122.8,122.55,1278069,1560.91
673,2018-01-25 00:00:00+00:00,122.95,127,121.55,126.45,126.4,1411260,1766.28
674,2018-01-26 00:00:00+00:00,128,129,121.05,122,121.85,2065711,2571.55
675,2018-01-29 00:00:00+00:00,135,135.4,127.5,127.65,128.5,1756768,2297.61
676,2018-01-30 00:00:00+00:00,132.1,136.25,131.15,133.9,134.05,1431102,1916.53
677,2018-01-31 00:00:00+00:00,141.75,141.95,130.3,135.4,135.6,1907971,2586.28
678,2018-02-01 00:00:00+00:00,142.4,143.45,138.05,139.9,139.5,1353097,1896.92
679,2018-02-02 00:00:00+00:00,143.2,144,140.95,141.6,141.9,1201860,1714.3
680,2018-02-05 00:00:00+00:00,140.65,146.75,140.1,144.1,144.45,1284440,1841.84
681,2018-02-06 00:00:00+00:00,144.1,144.7,139,139.5,140.05,1034747,1461.84
682,2018-02-07 00:00:00+00:00,147.1,149.8,144.5,145.2,145.25,834054,1225.47
683,2018-02-08 00:00:00+00:00,144,149.5,142.2,148.65,148.35,1502760,2195.84
684,2018-02-09 00:00:00+00:00,145.9,147.2,142.25,143,143.7,950484,1367.84
685,2018-02-12 00:00:00+00:00,146.05,148.8,145.5,146.4,146.4,781067,1148.71
686,2018-02-13 00:00:00+00:00,147,148,144.2,146.5,146.2,1464755,2140.74
687,2018-02-14 00:00:00+00:00,142.5,147.4,141.5,146.25,146.35,1746109,2531.27
688,2018-02-15 00:00:00+00:00,144.4,144.4,141.2,141.9,141.9,1260484,1794.94
689,2018-02-16 00:00:00+00:00,144.9,145.25,143.45,143.85,144.05,780709,1125.27
690,2018-02-20 00:00:00+00:00,143,146.45,142,144.6,144.8,1428993,2070.14
691,2018-02-21 00:00:00+00:00,142,142.8,141.05,142.15,142,561726,796.72
692,2018-02-22 00:00:00+00:00,143.6,144,140.3,141,141.2,609093,864.77
693,2018-02-23 00:00:00+00:00,141.55,144.3,141.3,142.95,142.9,1040800,1486.74
694,2018-02-26 00:00:00+00:00,142.45,144,141,142.2,141.9,1147660,1633.27
695,2018-02-27 00:00:00+00:00,137.6,142.8,136.3,142.35,142.2,1707401,2391.93
696,2018-02-28 00:00:00+00:00,134.4,138.85,134.15,137.2,136.55,1191657,1629.29
697,2018-03-01 00:00:00+00:00,134.85,134.85,132.75,134,133.85,589790,789.08
698,2018-03-02 00:00:00+00:00,131.9,135,131.65,134.2,134.35,773849,1035.44
699,2018-03-05 00:00:00+00:00,135.3,135.8,131.2,133.5,133.2,836942,1118.18
700,2018-03-06 00:00:00+00:00,132.15,135.8,131.9,135,135.3,704236,947.59
701,2018-03-07 00:00:00+00:00,135.15,136.3,130.4,132.2,132.15,1152536,1547.19
702,2018-03-08 00:00:00+00:00,134.95,138.5,134.5,134.6,135,1271238,1729
703,2018-03-09 00:00:00+00:00,134.1,135.8,134.1,135.2,135.35,476940,644.25
704,2018-03-12 00:00:00+00:00,134,135,132.75,133.6,133.65,758581,1014.28
705,2018-03-13 00:00:00+00:00,136.1,136.8,134.2,134.9,134.9,689892,932.1
706,2018-03-14 00:00:00+00:00,136.4,137.8,135,135.95,136.2,565383,771.53
707,2018-03-15 00:00:00+00:00,138.05,139.1,135,135.85,136.25,911482,1240.7
708,2018-03-16 00:00:00+00:00,138,138.1,135.9,137.55,137.55,849968,1165.48
709,2018-03-19 00:00:00+00:00,134.9,138.4,134.9,136.95,136.95,1152280,1578.15
710,2018-03-20 00:00:00+00:00,134.6,136.25,134.15,136,134.95,1904180,2570.62
711,2018-03-21 00:00:00+00:00,133,135.7,132.5,134.65,134.35,613392,825.13
712,2018-03-22 00:00:00+00:00,134.8,135,131.25,133.15,132.95,842444,1119.09
713,2018-03-23 00:00:00+00:00,131.05,136,131.05,134.25,133.8,1149754,1547.91
714,2018-03-26 00:00:00+00:00,129.6,131.4,129.25,131.25,130.9,488288,637.58
715,2018-03-27 00:00:00+00:00,133.65,133.65,128.1,128.2,128.75,922793,1205.33
716,2018-03-28 00:00:00+00:00,129.7,134,128.3,133.95,132.5,1152357,1523.05
717,2018-03-29 00:00:00+00:00,127.8,129.4,126.5,128,128.15,580961,744.3
718,2018-04-02 00:00:00+00:00,128,129,126.25,127.75,128,737584,940.98
719,2018-04-03 00:00:00+00:00,126.7,130,126.7,128.2,127.9,100180,128.04
720,2018-04-04 00:00:00+00:00,127.3,128.45,125.3,125.7,125.7,525833,666.03
721,2018-04-05 00:00:00+00:00,124.9,129.45,123,129.15,128.8,1107840,1418.14
722,2018-04-06 00:00:00+00:00,126.8,128.25,124.75,125.85,125.85,858491,1083.85
723,2018-04-09 00:00:00+00:00,131.75,132.6,127.5,127.5,128,892494,1160.19
724,2018-04-10 00:00:00+00:00,132,133.5,131.4,131.85,131.75,557561,739.23
725,2018-04-11 00:00:00+00:00,133.3,134.15,130.8,131.5,131.75,519168,686.8
726,2018-04-12 00:00:00+00:00,134,135,130.95,132.6,132.65,621684,822.29
727,2018-04-13 00:00:00+00:00,137,137.25,131,134.4,133.45,774022,1040.85
728,2018-04-16 00:00:00+00:00,135.9,138.5,134.8,136.05,135.9,2084196,2844.74
729,2018-04-17 00:00:00+00:00,135.8,136.95,135,135.75,135.6,593469,807.08
730,2018-04-18 00:00:00+00:00,138.7,139.1,135.1,135.55,135.8,881996,1204.09
731,2018-04-19 00:00:00+00:00,138.4,140.2,137.2,138.9,138.9,734224,1020.96
732,2018-04-20 00:00:00+00:00,138.7,140,136.85,138,137.8,413539,572.15
733,2018-04-23 00:00:00+00:00,139.7,139.7,135.6,137.45,137.55,589717,812.5
734,2018-04-24 00:00:00+00:00,134.7,141.9,134.65,139,139.4,2469431,3446.98
735,2018-04-25 00:00:00+00:00,133.6,135.1,133.25,134.45,134.7,405056,544.71
736,2018-04-26 00:00:00+00:00,135,135.2,132.6,133.65,134,357403,477.91
737,2018-04-27 00:00:00+00:00,134.2,135,133.2,134.3,134.7,591991,794.31
738,2018-04-30 00:00:00+00:00,133,135,132.4,134.2,134,1428493,1914.35
739,2018-05-01 00:00:00+00:00,134.55,134.7,131.7,132.05,132.3,1028678,1368.62
740,2018-05-02 00:00:00+00:00,135,136,133.9,134.5,134.55,566886,764.14
741,2018-05-03 00:00:00+00:00,134,135.35,133.35,134.6,134.7,1317037,1775
742,2018-05-04 00:00:00+00:00,134.9,134.9,131.85,133.8,133.35,846622,1126.76
743,2018-05-07 00:00:00+00:00,132.1,133.95,131.6,132.6,133.05,994870,1320.85
744,2018-05-08 00:00:00+00:00,132.5,132.55,129.6,130.8,130.55,1009128,1321.99
745,2018-05-09 00:00:00+00:00,131.45,132.45,130.1,131.85,131.85,746173,980.21
746,2018-05-10 00:00:00+00:00,128.95,131.2,127.4,129.85,130.05,1218988,1576.66
747,2018-05-11 00:00:00+00:00,127.4,129.4,126.65,127.65,127.8,915110,1171.44
748,2018-05-14 00:00:00+00:00,126.5,127.6,123.1,126,126.6,1009942,1269.48
749,2018-05-15 00:00:00+00:00,125,128,123.8,127.1,127.1,1253307,1587.58
750,2018-05-16 00:00:00+00:00,124.8,125.95,123.65,124,124.2,1011551,1258.15
751,2018-05-17 00:00:00+00:00,123.35,125.35,122.25,124.95,125,1055109,1308.78
752,2018-05-18 00:00:00+00:00,126.2,127,122.9,124,123.9,1284630,1605.09
753,2018-05-21 00:00:00+00:00,123.05,126.2,123.05,125.3,125.5,623623,782.08
754,2018-05-22 00:00:00+00:00,124,126,122.9,125.3,125.45,1284690,1602.92
755,2018-05-23 00:00:00+00:00,126.95,126.95,122.15,123,123.1,695624,859.2
756,2018-05-24 00:00:00+00:00,124.05,126.45,124.05,125,125.4,939558,1176.89
757,2018-05-25 00:00:00+00:00,124.1,124.5,121.65,124.1,124.05,789201,970.86
758,2018-05-29 00:00:00+00:00,124.8,125.3,122.7,122.95,123.25,784377,972.27
759,2018-05-30 00:00:00+00:00,122,124.6,120,123.35,123.75,1042265,1276.1
760,2018-05-31 00:00:00+00:00,122.1,124.5,121.55,123.2,123.65,1569358,1940.34
761,2018-06-01 00:00:00+00:00,121.4,122.1,117,120.7,120.95,1414288,1692.06
762,2018-06-04 00:00:00+00:00,121.6,122.45,118.35,119.9,120.45,1349442,1626.4
763,2018-06-05 00:00:00+00:00,124.55,124.55,116.75,120.75,120.2,2496844,2994.97
764,2018-06-06 00:00:00+00:00,120.75,125,119,124.6,124.15,4688477,5772.22
765,2018-06-07 00:00:00+00:00,116.1,119.35,115.5,118.65,118.85,1927201,2277.36
766,2018-06-08 00:00:00+00:00,118.75,118.75,114.05,115.05,115.2,2716732,3164.18
767,2018-06-11 00:00:00+00:00,117.8,120.15,116.85,119.7,119.6,2010188,2394.47
768,2018-06-12 00:00:00+00:00,118.35,120.4,117,117.85,118.15,3490011,4145.58
769,2018-06-13 00:00:00+00:00,119.25,119.45,115.9,116.3,116.35,6857158,8010
770,2018-06-14 00:00:00+00:00,117.95,119.8,115.15,116.7,117.3,1404188,1656.95
771,2018-06-15 00:00:00+00:00,116.1,119.4,108.55,117.75,117.55,5056575,5810.86
772,2018-06-18 00:00:00+00:00,128.9,128.9,112.5,115.5,114.85,3763375,4533.74
773,2018-06-19 00:00:00+00:00,131.5,132.2,127,130,130.4,1043785,1359.79
774,2018-06-20 00:00:00+00:00,133.3,135,131.75,132.5,132.9,1354813,1801.53
775,2018-06-21 00:00:00+00:00,134.5,134.8,131.5,132.75,133.8,1504926,2003.37
776,2018-06-22 00:00:00+00:00,134.2,136.4,132.55,134.35,134.15,2189190,2943.2
777,2018-06-25 00:00:00+00:00,132.5,132.9,130.7,131.3,131,798673,1050.35
778,2018-06-26 00:00:00+00:00,131.2,133.7,129.75,132.2,132.1,1714304,2261.48
779,2018-06-27 00:00:00+00:00,134.5,134.75,129.4,130.1,130,1074691,1418.21
780,2018-06-28 00:00:00+00:00,137.7,137.7,132.1,132.8,133.05,1197225,1614.87
781,2018-06-29 00:00:00+00:00,139.2,140.8,136.2,136.8,137.7,1269206,1750.14
782,2018-07-02 00:00:00+00:00,142,142.65,138.25,138.85,138.95,1248444,1752.87
783,2018-07-03 00:00:00+00:00,142.95,145,141.6,141.75,141.95,992867,1417.95
784,2018-07-05 00:00:00+00:00,142,147.3,141,143.5,143.75,3835649,5520.4
785,2018-07-06 00:00:00+00:00,144.2,144.65,141.8,142.2,142.15,1550830,2216.78
786,2018-07-09 00:00:00+00:00,143.4,144.75,141,143.05,143.3,2117898,3027.33
787,2018-07-10 00:00:00+00:00,141.4,143.85,140.25,140.8,140.85,1673236,2374.57
788,2018-07-11 00:00:00+00:00,136,142.8,135.35,140,140.2,2328615,3262.18
789,2018-07-12 00:00:00+00:00,137.7,137.7,135.5,137.15,137.15,1848759,2523.61
790,2018-07-13 00:00:00+00:00,138.15,138.9,137.25,138.75,138.65,1150281,1589.08
791,2018-07-16 00:00:00+00:00,137.8,138.5,136.15,137.25,137.45,1294926,1779.17
792,2018-07-17 00:00:00+00:00,140.6,140.6,136.75,137.3,137.55,1245996,1720.29
793,2018-07-18 00:00:00+00:00,140.85,142.3,140.1,140.25,140.8,1542474,2176.94
794,2018-07-19 00:00:00+00:00,139.95,142.2,139.4,140.85,140.85,2009103,2839.13
795,2018-07-20 00:00:00+00:00,137,140,134.5,139.5,139.5,1310150,1823.96
796,2018-07-23 00:00:00+00:00,140.1,141.9,136.9,137.25,137.5,1965237,2742.65
797,2018-07-24 00:00:00+00:00,138.2,142.55,138.2,141.45,141.75,2394358,3378.35
798,2018-07-25 00:00:00+00:00,138.9,140,137.25,138.75,139,2108950,2921.63
799,2018-07-26 00:00:00+00:00,138.95,138.95,136.6,138.05,138,804974,1109.54
800,2018-07-27 00:00:00+00:00,137.5,139.5,136.6,138.5,138.15,1530200,2113.74
801,2018-07-30 00:00:00+00:00,137,138.2,135.75,137.1,137.05,1974367,2707.3
802,2018-07-31 00:00:00+00:00,134.9,137.8,134.25,136.8,136.8,1720786,2348.59
803,2018-08-01 00:00:00+00:00,134.8,135.6,133.8,134.7,134.55,1590741,2140.22
804,2018-08-02 00:00:00+00:00,134.9,135.7,133.2,134.45,133.95,1049069,1413.1
805,2018-08-03 00:00:00+00:00,136.1,138,134.2,134.65,134.9,1608817,2183.57
806,2018-08-06 00:00:00+00:00,135.6,141.65,135.1,138.05,138.2,3133999,4355.13
807,2018-08-07 00:00:00+00:00,133.1,135.6,132.2,134.9,135,1260314,1687.12
808,2018-08-08 00:00:00+00:00,137.5,138.6,135.25,135.8,136.1,1032972,1412.33
809,2018-08-09 00:00:00+00:00,135.45,138.05,135.1,136.9,137.1,1826569,2501
810,2018-08-10 00:00:00+00:00,132.5,136.1,131.3,134.95,135.55,2667661,3586.44
811,2018-08-13 00:00:00+00:00,129.75,132.75,129.15,132,132.2,4332991,5696.62
812,2018-08-14 00:00:00+00:00,132,132,128.2,129.6,129.55,1397938,1809.6
813,2018-08-15 00:00:00+00:00,133.2,135,132.3,133.55,133.85,928889,1240.8
814,2018-08-16 00:00:00+00:00,132.9,136.4,132.6,136,135.7,2736280,3687.65
815,2018-08-17 00:00:00+00:00,133.35,135.25,132.5,133,133.2,1696146,2271.11
816,2018-08-20 00:00:00+00:00,135.6,135.9,133,134,133.85,2115793,2837.31
817,2018-08-21 00:00:00+00:00,133.75,136.45,133.7,134.9,135,1019044,1377.75
818,2018-08-22 00:00:00+00:00,133.2,136.2,132.65,134.05,133.75,1278156,1720.83
819,2018-08-23 00:00:00+00:00,132.95,133.9,132.3,133.2,132.6,970883,1292.67
820,2018-08-24 00:00:00+00:00,129.3,134.15,128.85,132.15,132.35,2239733,2962.18
821,2018-08-27 00:00:00+00:00,128.95,129.5,126.8,129.15,128.7,1341209,1716.65
822,2018-08-28 00:00:00+00:00,127.85,130.9,127.1,128.5,129.1,1933262,2490.3
823,2018-08-29 00:00:00+00:00,133.6,134.45,125.7,127.9,128.15,2641286,3422.1
824,2018-08-30 00:00:00+00:00,137,137.75,133.6,133.9,134.4,1586596,2149.62
825,2018-08-31 00:00:00+00:00,137.6,138.7,136,136.4,136.6,799419,1095.41
826,2018-09-04 00:00:00+00:00,135,138.9,134,137.2,137.55,877704,1200.24
827,2018-09-05 00:00:00+00:00,138.8,138.8,134,134.9,134.85,1937914,2617.89
828,2018-09-06 00:00:00+00:00,137.9,139.7,136.85,138.2,138.5,756591,1047.42
829,2018-09-07 00:00:00+00:00,137.65,138.6,136,138.05,137.75,2132044,2926.25
830,2018-09-10 00:00:00+00:00,140.6,141.2,136.5,137,137.35,2271136,3142.58
831,2018-09-11 00:00:00+00:00,145,145.75,140,140.05,140.8,2077218,2965.56
832,2018-09-12 00:00:00+00:00,145.3,146.4,144.8,145.05,145.15,569531,827.64
833,2018-09-13 00:00:00+00:00,143.05,146.65,143.05,146.1,146.25,1343454,1949.39
834,2018-09-14 00:00:00+00:00,149.4,150.3,143,144.6,144.9,5132085,7496.33
835,2018-09-17 00:00:00+00:00,147.4,150,147.4,148.95,148.7,909189,1353.39
836,2018-09-18 00:00:00+00:00,146.8,149.7,146.8,148.5,148.8,1118631,1662.47
837,2018-09-19 00:00:00+00:00,147.5,149.45,146.75,146.75,147.45,872187,1292.69
838,2018-09-20 00:00:00+00:00,147,149.15,146.55,147.8,147.95,1010894,1497.68
839,2018-09-21 00:00:00+00:00,146.15,147.5,145.05,146.85,146.65,702795,1028.35
840,2018-09-24 00:00:00+00:00,147.45,148.75,144.55,146.05,145.95,1648427,2418.83
841,2018-09-25 00:00:00+00:00,147.8,149.25,146.8,147.45,147.55,1138811,1688.58
842,2018-09-26 00:00:00+00:00,147.75,150.45,147.65,147.95,147.95,1497623,2226.75
843,2018-09-27 00:00:00+00:00,146.85,148.5,145.45,146.1,147.4,2232739,3278.78
844,2018-09-28 00:00:00+00:00,145.05,146.9,143.65,146.45,146.3,1373721,2005.47
845,2018-10-01 00:00:00+00:00,143.15,145.9,143.05,144.25,144.55,2227212,3217.77
846,2018-10-02 00:00:00+00:00,143.3,145.5,139.4,142.65,142.85,3019872,4303.91
847,2018-10-03 00:00:00+00:00,141.4,143.9,140.55,143.1,143.35,2341680,3334.45
848,2018-10-04 00:00:00+00:00,139,141.85,138.3,140.95,141.05,1572681,2211.64
849,2018-10-05 00:00:00+00:00,139,140.45,136.6,137.65,137.75,2366296,3275.22
850,2018-10-08 00:00:00+00:00,144.25,144.95,138.75,139.9,139.8,2281538,3207.9
851,2018-10-09 00:00:00+00:00,143.85,145.9,143.5,144.6,144.55,1785800,2584.34
852,2018-10-10 00:00:00+00:00,143.4,144.9,142.55,143.45,143.55,1103984,1584.73
853,2018-10-11 00:00:00+00:00,142.25,143.15,140.4,142.8,142.1,2456804,3487.14
854,2018-10-12 00:00:00+00:00,142.25,143.35,141.5,142.4,142.55,1836583,2617.78
855,2018-10-15 00:00:00+00:00,141.6,144.15,141,141.9,141.95,3701269,5266.83
856,2018-10-16 00:00:00+00:00,147.65,148.15,141.4,141.8,142.15,3007045,4300.52
857,2018-10-17 00:00:00+00:00,150.65,150.65,146.2,146.7,147.25,1179218,1748.12
858,2018-10-18 00:00:00+00:00,151,152.5,149.9,150,150.2,2312755,3494.39
859,2018-10-19 00:00:00+00:00,150.9,151.75,145.85,148.85,149.65,2719219,4056.15
860,2018-10-22 00:00:00+00:00,152.9,154.65,149.65,150.2,150.2,3096387,4690.1
861,2018-10-23 00:00:00+00:00,157.3,157.75,151.2,152.9,153.25,1753170,2696.67
862,2018-10-24 00:00:00+00:00,159.25,161.2,157,157.25,157.55,1223180,1947.21
863,2018-10-25 00:00:00+00:00,158.9,160.25,156.05,159.35,159.3,1373494,2177.09
864,2018-10-26 00:00:00+00:00,161.45,163.5,157.85,158.65,158.95,4215595,6782.77
865,2018-10-29 00:00:00+00:00,161.65,162.75,158.6,160.55,161.5,3122578,5017.83
866,2018-10-30 00:00:00+00:00,152.7,162.5,152.05,160.9,161.2,6349564,10128.78
867,2018-10-31 00:00:00+00:00,152.35,153,151,151.95,152.05,852909,1296.8
868,2018-11-01 00:00:00+00:00,151.8,153.7,150.8,151.9,151.6,1142129,1737.96
869,2018-11-02 00:00:00+00:00,152.4,152.4,149.9,151.25,151.1,1810409,2737.89
870,2018-11-05 00:00:00+00:00,151.95,152.1,149.8,152.1,151.45,843471,1273.34
871,2018-11-06 00:00:00+00:00,148.8,151.95,148.8,151,151.1,575050,867.44
872,2018-11-07 00:00:00+00:00,150.25,151.2,148.3,148.85,148.8,1383972,2073.89
873,2018-11-08 00:00:00+00:00,147.1,150.25,146.55,150.25,149.75,818899,1214.3
874,2018-11-09 00:00:00+00:00,148.45,149.2,142.7,145.75,145.75,2099157,3052.8
875,2018-11-12 00:00:00+00:00,148.05,149.55,146.5,147.25,147.3,2029247,3012.11
876,2018-11-13 00:00:00+00:00,148,149.4,147.75,149,149,1566031,2326.57
877,2018-11-14 00:00:00+00:00,147.35,148.95,146.2,148.5,147.95,1328198,1961.73
878,2018-11-15 00:00:00+00:00,149.8,150.55,146.9,147,147.2,1229406,1821.99
879,2018-11-16 00:00:00+00:00,153.75,153.75,149,149.75,149.95,1834524,2762.52
880,2018-11-19 00:00:00+00:00,156.65,157.35,152.7,153.1,153.85,1776564,2744.14
881,2018-11-20 00:00:00+00:00,156.9,158.25,155.4,155.8,155.85,1268390,1989.44
882,2018-11-21 00:00:00+00:00,155.25,157.3,155.25,156.5,156.7,1416285,2211.87
883,2018-11-23 00:00:00+00:00,154.95,155.65,152.85,155,154.75,1343251,2069.88
884,2018-11-26 00:00:00+00:00,160.95,161.1,153.55,155.25,154.85,2248388,3513.26
885,2018-11-27 00:00:00+00:00,158.5,161.4,157.85,160.2,160,2130596,3406.94
886,2018-11-28 00:00:00+00:00,157.35,159.5,156.7,157.5,157.85,1773712,2802.86
887,2018-11-29 00:00:00+00:00,159.65,161,155.8,157.75,157.25,1354766,2151.99
888,2018-11-30 00:00:00+00:00,159.05,162.85,157.25,158.8,159.05,2281047,3668.1
889,2018-12-03 00:00:00+00:00,157.9,161.4,156.1,159.35,159.3,1419036,2253.68
890,2018-12-04 00:00:00+00:00,164,164.35,157,157.2,158.35,2204041,3543.11
891,2018-12-06 00:00:00+00:00,158.5,164.9,157.15,163.2,163.55,4314580,6991.32
892,2018-12-07 00:00:00+00:00,155.5,158.9,155,158.5,158.35,1211587,1902.4
893,2018-12-10 00:00:00+00:00,156.75,157,152.8,155.3,154.9,816168,1263.62
894,2018-12-11 00:00:00+00:00,153.4,156.55,153.15,156.45,156.05,1540677,2393.9
895,2018-12-12 00:00:00+00:00,153.9,154.5,151.9,153.5,152.55,2960597,4531.01
896,2018-12-13 00:00:00+00:00,155.55,156.25,153.1,153.9,153.5,1546220,2388.09
897,2018-12-14 00:00:00+00:00,156,157.3,153.6,154.9,155.55,1404899,2178.49
898,2018-12-17 00:00:00+00:00,160.95,161.5,155.3,155.5,155.95,1614558,2559.44
899,2018-12-18 00:00:00+00:00,157.75,162.25,156.6,159.8,159.7,2886605,4624.45
900,2018-12-19 00:00:00+00:00,157.4,158.5,154.45,157.25,157,1377032,2161.16
901,2018-12-20 00:00:00+00:00,155.5,158,155.05,156.6,156.85,1122120,1762.78
902,2018-12-21 00:00:00+00:00,157.85,157.95,154.75,155.3,155.15,696970,1087.98
903,2018-12-24 00:00:00+00:00,155.65,158.95,154.85,157.3,157.4,1565871,2463.48
904,2018-12-26 00:00:00+00:00,154.95,156.8,153.2,155.5,155.2,1727098,2675.02
905,2018-12-27 00:00:00+00:00,151.2,154.7,151.2,154.65,154.35,1131718,1735.14
906,2018-12-28 00:00:00+00:00,148.9,153.15,148,151.8,151.55,1719968,2596.83
907,2018-12-31 00:00:00+00:00,151.5,152.9,148.7,149.35,149.55,1470539,2209.3
908,2019-01-02 00:00:00+00:00,154.4,154.7,151.55,153,152.4,1392578,2126.97
909,2019-01-03 00:00:00+00:00,159.25,159.8,153.5,154.2,154.75,2403931,3759.09
910,2019-01-04 00:00:00+00:00,160.7,163.1,157.65,158.4,158.55,1567779,2516.83
911,2019-01-07 00:00:00+00:00,164,164.5,159.2,160,160.45,1927234,3110.99
912,2019-01-08 00:00:00+00:00,157.9,167.75,157.75,163.45,163.6,5423705,8901.67
913,2019-01-09 00:00:00+00:00,158.95,162.4,154.05,159.75,158.7,4094370,6490.15
914,2019-01-10 00:00:00+00:00,158.95,160.75,157.3,157.9,158.25,2823390,4476.22
915,2019-01-11 00:00:00+00:00,158.8,159.9,157.65,158.45,158.75,1819031,2885.37
916,2019-01-14 00:00:00+00:00,161,162,158.6,159.3,159.4,1634586,2614.45
917,2019-01-15 00:00:00+00:00,159.15,162.15,156.9,160.5,161.15,2437301,3892.41
918,2019-01-16 00:00:00+00:00,157.1,160.6,157.1,159.05,158.85,2326838,3695.01
919,2019-01-17 00:00:00+00:00,157.4,159.4,156.65,158,158,2696995,4264.27
920,2019-01-18 00:00:00+00:00,156.8,157.45,155.6,156.8,156.35,1211357,1895.53
921,2019-01-22 00:00:00+00:00,154.3,157.8,154.3,156.4,156.55,1000172,1563.52
922,2019-01-23 00:00:00+00:00,155,155.75,153.75,154.75,154.3,1299810,2007.98
923,2019-01-24 00:00:00+00:00,156.6,157.6,154.05,155.15,155.65,1183917,1848.1
924,2019-01-25 00:00:00+00:00,155.05,157,153.8,154.85,154.85,1383172,2140.11
925,2019-01-28 00:00:00+00:00,157.55,157.9,154.2,155.4,155.25,1558189,2417.14
926,2019-01-29 00:00:00+00:00,156.35,158.7,155.2,156.85,157.35,1647105,2590.49
927,2019-01-30 00:00:00+00:00,154.5,157.7,153.3,155.1,155.6,4013444,6224.83
928,2019-01-31 00:00:00+00:00,149.9,154.5,149.5,154,153.7,2292977,3501.39
929,2019-02-01 00:00:00+00:00,147.2,149.2,146,148.55,148.45,2770541,4090.99
930,2019-02-04 00:00:00+00:00,151.95,151.95,147,148.55,148.15,2390258,3565.59
931,2019-02-05 00:00:00+00:00,151.65,154.5,151.65,153.15,152.95,1873161,2866.56
932,2019-02-06 00:00:00+00:00,150.9,153.2,150.55,153,152.5,2043127,3114.04
933,2019-02-07 00:00:00+00:00,150.95,151.75,150.35,150.5,150.7,535692,809.15
934,2019-02-08 00:00:00+00:00,148.8,151.85,148.65,150.8,150.95,1347935,2033.66
935,2019-02-11 00:00:00+00:00,148.8,149.6,148.1,149,149.05,747441,1113.03
936,2019-02-12 00:00:00+00:00,147.15,149.9,147.15,148.6,148.65,913003,1355.87
937,2019-02-13 00:00:00+00:00,147.15,148,145.6,146.6,146.85,999836,1464.89
938,2019-02-14 00:00:00+00:00,148.95,149.9,146.1,146.95,146.9,6940283,10234.09
939,2019-02-15 00:00:00+00:00,147.8,149.05,146.75,148.7,148.3,1396448,2066.45
940,2019-02-19 00:00:00+00:00,147.55,148.25,145.6,147.7,147.5,1657451,2437.44
941,2019-02-20 00:00:00+00:00,148.5,149.7,146.55,147.35,147.4,1456641,2155.17
942,2019-02-21 00:00:00+00:00,146.45,149,146.35,147.6,147.5,1538715,2274.32
943,2019-02-22 00:00:00+00:00,144.3,145.85,137.05,145.25,145,4975475,7111.7
944,2019-02-25 00:00:00+00:00,150.7,152.2,143.3,144.55,144.25,2871674,4237.13
945,2019-02-26 00:00:00+00:00,152.1,154.2,151.4,151.5,151.6,1510454,2301.64
946,2019-02-27 00:00:00+00:00,155.2,157,152.5,152.8,152.95,1376256,2134.25
947,2019-02-28 00:00:00+00:00,156,157.2,154.4,155.35,155.65,1006074,1568.11
948,2019-03-01 00:00:00+00:00,154,157.4,154,156.05,156,1102295,1720.32
949,2019-03-04 00:00:00+00:00,158.75,158.85,154.1,154.7,154.85,1339740,2092.18
950,2019-03-05 00:00:00+00:00,160.95,161.45,157.7,158.15,158.3,1580445,2519.47
951,2019-03-06 00:00:00+00:00,163.5,164.8,160.65,160.65,161.1,1451138,2363.59
952,2019-03-07 00:00:00+00:00,163.7,164.2,161.4,163.15,163.4,1691661,2754.59
953,2019-03-08 00:00:00+00:00,164.9,165.9,162.75,162.95,163.25,2826458,4640.58
954,2019-03-11 00:00:00+00:00,159.7,164.25,157.2,164,163.35,3473392,5601.51
955,2019-03-12 00:00:00+00:00,161.85,162.9,159.25,159.6,159.55,1893457,3041.02
956,2019-03-13 00:00:00+00:00,162.25,163.9,159.65,161.2,161.3,3713876,6004.17
957,2019-03-14 00:00:00+00:00,159.5,162.4,155.7,161.7,161,7062154,11306.09
958,2019-03-15 00:00:00+00:00,154.05,155.8,153.25,154.9,155.3,1634296,2529.82
959,2019-03-18 00:00:00+00:00,157.2,157.55,152.5,154.2,154.2,1704935,2627.56
960,2019-03-19 00:00:00+00:00,157,158.3,155.75,156.6,156.95,1832296,2872.28
961,2019-03-20 00:00:00+00:00,157.2,158.9,156.1,156.75,156.75,1541039,2423.46
962,2019-03-21 00:00:00+00:00,157.1,158.1,154.6,156.95,156.95,1670273,2614.65
963,2019-03-22 00:00:00+00:00,160.2,163.35,157.25,157.55,157.85,3713745,5966.47
964,2019-03-25 00:00:00+00:00,160.5,161.35,158.6,159.45,159.4,1709932,2730.7
965,2019-03-26 00:00:00+00:00,154.35,161.9,154.35,159.95,159.9,4643861,7408.49
966,2019-03-27 00:00:00+00:00,154.95,156.15,153.65,155.25,155.25,2634731,4078.76
967,2019-03-28 00:00:00+00:00,156.7,156.95,154,154.25,154.2,2038270,3157.95
968,2019-03-29 00:00:00+00:00,158.85,158.85,155.3,155.5,155.85,1887415,2959.17
969,2019-04-01 00:00:00+00:00,158.7,159.65,157.4,158,158.25,1662143,2634.39
970,2019-04-02 00:00:00+00:00,161.05,162.6,157.25,157.65,157.75,1570697,2497.12
971,2019-04-03 00:00:00+00:00,157.9,161.5,157,160.75,160.9,2600609,4160.75
972,2019-04-04 00:00:00+00:00,164.8,165,160.45,161.35,161.65,2428509,3948.85
973,2019-04-05 00:00:00+00:00,161,164.2,160.1,163.3,163.75,2713036,4416.86
974,2019-04-08 00:00:00+00:00,158.9,161.2,158.05,160.15,160.1,4750346,7604.24
975,2019-04-09 00:00:00+00:00,157.15,158.95,156.9,157.25,157.45,4589900,7236.35
976,2019-04-10 00:00:00+00:00,157,158.25,156.6,157.4,157.3,1079352,1700.6
977,2019-04-11 00:00:00+00:00,156.75,157.55,156.05,156.35,156.35,1153614,1806.42
978,2019-04-12 00:00:00+00:00,159.25,159.25,155.95,156.45,156.3,1019575,1603.41
979,2019-04-15 00:00:00+00:00,157.6,159,157.1,158.15,158.35,526665,833.42
980,2019-04-16 00:00:00+00:00,156.8,157.5,155.5,156.3,156.5,2010555,3147.75
981,2019-04-17 00:00:00+00:00,154.1,156.35,153.4,155.75,155.55,2584790,4011.2
982,2019-04-18 00:00:00+00:00,154.55,155.65,153.35,155,154.7,2073712,3207.19
983,2019-04-22 00:00:00+00:00,152.75,153.9,150.8,153.25,153.35,3946921,6023.07
984,2019-04-23 00:00:00+00:00,156.05,158.25,151.05,152.35,152.35,2254205,3500.78
985,2019-04-24 00:00:00+00:00,158.4,159.3,156,156,156.4,1967222,3097.04
986,2019-04-25 00:00:00+00:00,159.6,160,157.05,157.4,157.5,2022489,3195.34
987,2019-04-26 00:00:00+00:00,160.65,163.9,158.7,159.85,160.25,3624666,5845.16
988,2019-04-29 00:00:00+00:00,160.45,163.35,160.45,161.15,161.25,3216539,5202.87
989,2019-04-30 00:00:00+00:00,158,161,157.75,160.1,160.25,1524087,2437.49
990,2019-05-01 00:00:00+00:00,158.25,161.65,158,159.3,158.8,2284463,3656.4
991,2019-05-02 00:00:00+00:00,160,162,158.4,158.7,158.85,1198264,1915.37
992,2019-05-03 00:00:00+00:00,159.1,162.4,157.6,159.4,159.35,1917772,3068.51
993,2019-05-06 00:00:00+00:00,160,161.9,158.3,159,159,2096263,3353.22
994,2019-05-07 00:00:00+00:00,159,161.95,154.45,160.1,159.65,2924724,4637.96
995,2019-05-08 00:00:00+00:00,165.4,165.65,159.1,161.2,160.3,2973253,4790.09
996,2019-05-09 00:00:00+00:00,165.2,166.75,161.8,165,164.75,2219635,3644.9
997,2019-05-10 00:00:00+00:00,170.2,171.8,163.65,164.9,164.45,3086572,5186.1
998,2019-05-13 00:00:00+00:00,168,172,167.05,169.5,170.6,4342518,7371.9
999,2019-05-14 00:00:00+00:00,165.7,172.9,164.1,168.95,168.6,6277667,10619.19
1000,2019-05-15 00:00:00+00:00,160.05,165.7,160.05,164.65,164.85,2243468,3674.2
1001,2019-05-16 00:00:00+00:00,160.7,162.7,156.9,161.1,161.6,2748845,4396.31
1002,2019-05-17 00:00:00+00:00,167.05,167.6,158,159.8,159.45,3786842,6123.67
1003,2019-05-20 00:00:00+00:00,169,170.85,166.35,166.7,167.2,2733612,4600.91
1004,2019-05-21 00:00:00+00:00,168,171.35,166.4,168.9,169.55,4325265,7303.7
1005,2019-05-22 00:00:00+00:00,162.85,169.85,161,167.5,167.4,6185414,10330.87
1006,2019-05-23 00:00:00+00:00,163.5,165,160.5,162.35,162.55,1964477,3201.93
1007,2019-05-24 00:00:00+00:00,165.1,166.25,162.6,164.7,165.2,2016606,3317.68
1008,2019-05-28 00:00:00+00:00,163.05,166.5,162.5,164.35,164.6,3403585,5606.74
1009,2019-05-29 00:00:00+00:00,163.8,164.5,160.05,161.9,162.25,4436559,7205.7
1010,2019-05-30 00:00:00+00:00,154,163.9,154,163.6,162.2,5685443,9057.72
1011,2019-05-31 00:00:00+00:00,156.8,156.8,153.55,154.2,154.25,1808768,2799.1
1012,2019-06-03 00:00:00+00:00,153,156.85,153,155.3,155.4,1903051,2958.67
1013,2019-06-04 00:00:00+00:00,151.1,154.35,151.1,153.75,153.9,1611331,2468.07
1014,2019-06-05 00:00:00+00:00,153.4,154,150,150.95,150.5,3046168,4605.77
1015,2019-06-06 00:00:00+00:00,153.35,154.85,152.5,153.05,153.1,1030109,1584.33
1016,2019-06-07 00:00:00+00:00,154.4,155.5,151.35,153,152.95,954442,1463.14
1017,2019-06-10 00:00:00+00:00,155.5,157.8,155,155.5,155.45,1498748,2339.38
1018,2019-06-11 00:00:00+00:00,158.5,158.5,155,156,155.45,1273200,1989.69
1019,2019-06-12 00:00:00+00:00,158.5,160.4,156.2,157.45,157.1,1803100,2856.86
1020,2019-06-13 00:00:00+00:00,156.55,159.5,156.25,158,158.5,3127760,4947.97
1021,2019-06-14 00:00:00+00:00,155.35,157.7,154.9,156.1,156.5,1835749,2870.42
1022,2019-06-17 00:00:00+00:00,152.2,155.35,151.55,154.2,154.4,1212265,1865.07
1023,2019-06-18 00:00:00+00:00,152.65,152.9,150.75,152.2,152.1,1220808,1853.86
1024,2019-06-19 00:00:00+00:00,153.1,154.3,150.3,150.75,151.15,1521138,2307.57
1025,2019-06-20 00:00:00+00:00,151.5,154.8,151.5,154.65,154.45,1282122,1971.83
1026,2019-06-21 00:00:00+00:00,150.7,153,150.7,151.9,151.9,1212104,1839.77
1027,2019-06-24 00:00:00+00:00,152.7,152.9,149.55,150.2,150.65,2393314,3610.85
1028,2019-06-25 00:00:00+00:00,153.6,155.1,152.65,154.05,154.15,1557133,2398.36
1029,2019-06-26 00:00:00+00:00,153.65,156.5,153.5,153.65,153.8,1890055,2934.91
1030,2019-06-27 00:00:00+00:00,154.1,155.6,152.5,154.9,154.9,1788911,2762.97
1031,2019-06-28 00:00:00+00:00,155.05,155.9,153.75,155.9,155.5,1677773,2598.58
1032,2019-07-01 00:00:00+00:00,152,156.85,151.75,154.7,154.3,2361557,3662.11
1033,2019-07-02 00:00:00+00:00,152.8,155.15,152.5,153.75,153.5,4155508,6392.01
1034,2019-07-03 00:00:00+00:00,155.95,155.95,152.45,152.8,152.9,2757448,4221.98
1035,2019-07-05 00:00:00+00:00,152.5,156.2,152.05,154.6,155.2,2789011,4288.36
1036,2019-07-08 00:00:00+00:00,156.2,157.4,152.55,152.9,153.5,3156927,4866.55
1037,2019-07-09 00:00:00+00:00,156.7,157.9,155.95,156.9,156.55,2894662,4543.21
1038,2019-07-10 00:00:00+00:00,159.5,159.7,155.7,156.95,156.8,3001729,4724.96
1039,2019-07-11 00:00:00+00:00,159.5,161.4,156.7,158.55,158.7,2700600,4300.12
1040,2019-07-12 00:00:00+00:00,161.5,162.45,158.75,159.05,159.2,1938059,3108.11
1041,2019-07-15 00:00:00+00:00,159.85,163,157.7,160.5,160.65,4974108,7996.8
1042,2019-07-16 00:00:00+00:00,157.25,161,156.25,160.2,160.35,2116223,3358.75
1043,2019-07-17 00:00:00+00:00,153.75,157.7,153.2,157.5,157.2,2539258,3960.97
1044,2019-07-18 00:00:00+00:00,152.35,154,151.5,153.9,153.75,1859780,2848.19
1045,2019-07-19 00:00:00+00:00,148.85,153.2,148.5,152.3,151.8,2443696,3695.88
1046,2019-07-22 00:00:00+00:00,154.8,156.3,149.15,149.5,149.8,3188567,4841.91
1047,2019-07-23 00:00:00+00:00,155.45,161.35,149.25,154.8,155.45,3284116,5096.64
1048,2019-07-24 00:00:00+00:00,158,159.6,152.75,155.2,154.95,3488714,5442.65
1049,2019-07-25 00:00:00+00:00,167.65,167.65,157.75,158.05,158.7,3349829,5446.75
1050,2019-07-26 00:00:00+00:00,168.1,169.6,166.65,167,167.05,2054919,3444.07
1051,2019-07-29 00:00:00+00:00,168.1,171.2,166,168.1,167.85,4246788,7163.27
1052,2019-07-30 00:00:00+00:00,175,175,168.35,169.25,169.2,5474004,9344.38
1053,2019-07-31 00:00:00+00:00,176.25,176.8,173.1,173.95,174.35,3796609,6649.77
1054,2019-08-01 00:00:00+00:00,173.35,176.6,171.5,175.2,174.8,5379012,9371.11
1055,2019-08-02 00:00:00+00:00,172.45,175,172.05,172.5,172.75,5884830,10218.17
1056,2019-08-05 00:00:00+00:00,168,172.95,168,170.8,171.1,5470675,9358.11
1057,2019-08-06 00:00:00+00:00,169,169.65,165.6,167.5,167.8,5084653,8519.47
1058,2019-08-07 00:00:00+00:00,166.3,170.75,166.3,168.95,169.5,4512185,7627.68
1059,2019-08-08 00:00:00+00:00,167.45,169.5,165.5,167,167.3,4394262,7365.66
1060,2019-08-09 00:00:00+00:00,166,171.2,164.8,167.65,167.95,8915917,15024.93
1061,2019-08-12 00:00:00+00:00,162.6,165.4,161.85,162.25,162.35,2474896,4041.91
1062,2019-08-13 00:00:00+00:00,164.6,165.35,161.3,162.3,162.9,2957708,4823.27
1063,2019-08-14 00:00:00+00:00,167,169,162.1,163,163.55,3059834,5065.77
1064,2019-08-15 00:00:00+00:00,166,167.95,163.7,167,167.05,2644231,4387.12
1065,2019-08-16 00:00:00+00:00,162.3,166.7,161.6,166.6,166,4149164,6818.61
1066,2019-08-19 00:00:00+00:00,170,173.95,161.15,163.3,163.7,6509643,10888.76
1067,2019-08-20 00:00:00+00:00,168.4,171.5,165.65,168.9,168.65,4131952,6987.01
1068,2019-08-21 00:00:00+00:00,175.8,176.1,165.05,168,169.35,7414725,12678.57
1069,2019-08-22 00:00:00+00:00,171.65,177.15,166.1,174.25,174.85,11693055,20262.26
1070,2019-08-23 00:00:00+00:00,173.85,175.45,170.1,171.3,171.2,8772925,15130.67
1071,2019-08-26 00:00:00+00:00,157,176.8,155.2,170.75,171.1,17064363,28176.94
1072,2019-08-27 00:00:00+00:00,154.3,154.8,151.15,154.4,154.05,2556595,3917.45
1073,2019-08-28 00:00:00+00:00,150,154,150,152.95,153,4764627,7258.03
1074,2019-08-29 00:00:00+00:00,148,151.85,147.75,150.2,150.3,3014557,4531.68
1075,2019-08-30 00:00:00+00:00,149.4,149.9,146.6,147.5,147.5,3308467,4880.48
1076,2019-09-03 00:00:00+00:00,150,151,145.35,148.95,149.1,4293795,6351.86
1077,2019-09-04 00:00:00+00:00,154.5,154.5,148,148.65,148.9,5050078,7548.4
1078,2019-09-05 00:00:00+00:00,157,158.2,154.75,156.55,156.25,1655825,2593.44
1079,2019-09-06 00:00:00+00:00,157.3,157.8,153,156,156.4,1748577,2720.85
1080,2019-09-09 00:00:00+00:00,158.5,163,152.75,156.45,156.45,5629757,9004.67
1081,2019-09-10 00:00:00+00:00,156,158.45,155.1,157.4,157.55,3014828,4730.58
1082,2019-09-11 00:00:00+00:00,154.5,157.4,153.4,155.75,155.55,3246095,5062.35
1083,2019-09-12 00:00:00+00:00,155.6,155.6,151.55,153,153.1,2539045,3905.09
1084,2019-09-13 00:00:00+00:00,152.95,154.85,151.05,153.35,153.45,3351574,5141.38
1085,2019-09-16 00:00:00+00:00,146,151.6,145.25,150.6,150.7,4970218,7374.52
1086,2019-09-17 00:00:00+00:00,146.35,147.5,143.25,144.95,144.75,3658879,5314.8
1087,2019-09-18 00:00:00+00:00,148,148.05,143.85,144,144.2,2208007,3207.68
1088,2019-09-19 00:00:00+00:00,147,148.5,145.4,147.15,147.3,1851834,2725.39
1089,2019-09-20 00:00:00+00:00,145.5,149.7,145.5,146.7,146.4,2352331,3463.9
1090,2019-09-23 00:00:00+00:00,145.8,146.7,144.15,144.65,144.55,1789879,2598.42
1091,2019-09-24 00:00:00+00:00,142.1,145.95,142.1,145,145,1219063,1762.88
1092,2019-09-25 00:00:00+00:00,145.05,145.55,142.1,142.25,142.45,1475651,2114.43
1093,2019-09-26 00:00:00+00:00,145.05,146.4,144.15,144.7,144.6,979792,1424.64
1094,2019-09-27 00:00:00+00:00,147.05,148.3,144.9,145.25,145.1,1231593,1800.54
1095,2019-09-30 00:00:00+00:00,148.6,148.6,146.4,146.7,146.7,1058888,1560.97
1096,2019-10-01 00:00:00+00:00,149.45,150.9,147.8,148.35,148.35,1207233,1796.36
1097,2019-10-02 00:00:00+00:00,152.45,153.5,146.5,149.9,149.45,2460179,3708.75
1098,2019-10-03 00:00:00+00:00,153,154.1,151,151.2,151.3,1294813,1973.43
1099,2019-10-04 00:00:00+00:00,153,154.55,151.75,153.05,152.85,1452937,2217.95
1100,2019-10-07 00:00:00+00:00,156.5,157,151.85,153,152.95,1867200,2878.25
1101,2019-10-08 00:00:00+00:00,157.85,159.4,155.05,156,156.1,3277200,5157.88
1102,2019-10-09 00:00:00+00:00,156.95,159.3,156.15,158.1,157.85,2243023,3541.28
1103,2019-10-10 00:00:00+00:00,158.25,160,155.55,156.5,156.15,2939902,4642.58
1104,2019-10-11 00:00:00+00:00,151,158.2,151,157.5,157.45,4644106,7195.4
1105,2019-10-14 00:00:00+00:00,153.25,153.95,150,150.75,150.5,1148162,1740.82
1106,2019-10-15 00:00:00+00:00,153.85,154.9,151.1,152.8,153.05,1464343,2245.4
1107,2019-10-16 00:00:00+00:00,152.2,154,151.75,152.25,152.75,1788771,2734.32
1108,2019-10-17 00:00:00+00:00,155.1,155.3,152.1,152.75,153.1,2017657,3102.94
1109,2019-10-18 00:00:00+00:00,152.75,155.95,152.5,154.2,154.4,3183552,4917.5
1110,2019-10-21 00:00:00+00:00,149.3,152.5,148.25,151.25,151.45,1476512,2224.22
1111,2019-10-22 00:00:00+00:00,152,153.8,150.15,152.95,152.2,1970278,2998
1112,2019-10-23 00:00:00+00:00,154,154.3,149.4,151.5,151.55,2346430,3557.03
1113,2019-10-24 00:00:00+00:00,155,155.65,152.1,153.35,153.5,2596842,3983.2
1114,2019-10-25 00:00:00+00:00,151.45,154.75,148.8,154.7,154.25,4863298,7412.34
1115,2019-10-28 00:00:00+00:00,150,152.7,148.1,150.05,150.05,4143774,6228.57
1116,2019-10-29 00:00:00+00:00,142.85,148.6,142.3,148.2,148,3912192,5700.15
1117,2019-10-30 00:00:00+00:00,143,143.75,141.3,141.9,141.8,3147980,4474.49
1118,2019-10-31 00:00:00+00:00,144,144.8,142.25,142.5,142.75,1763657,2526.9
1119,2019-11-01 00:00:00+00:00,142.55,144,142.4,143,142.9,1214418,1736.63
1120,2019-11-04 00:00:00+00:00,143.15,144.85,142.5,142.8,142.85,1239544,1776.32
1121,2019-11-05 00:00:00+00:00,144.15,144.15,143.2,143.7,143.65,125170,179.78
1122,2019-11-06 00:00:00+00:00,143,146,142.45,143.7,143.4,2771806,3999.94
1123,2019-11-07 00:00:00+00:00,140.7,143.2,140.7,141.1,141.4,1578311,2243.74
1124,2019-11-08 00:00:00+00:00,143.2,143.8,141.1,141.5,141.3,1982788,2815.35
1125,2019-11-11 00:00:00+00:00,142.7,144.8,142.55,143.4,143.15,926631,1329.52
1126,2019-11-12 00:00:00+00:00,142,143.4,141,142.4,142.7,1237254,1760.76
1127,2019-11-13 00:00:00+00:00,146,146.9,141.9,142.45,142.55,1240884,1793.26
1128,2019-11-14 00:00:00+00:00,146.05,147.5,145.15,145.6,145.65,2109508,3090.43
1129,2019-11-15 00:00:00+00:00,143.8,146,143,146,145.15,2110986,3045.88
1130,2019-11-18 00:00:00+00:00,143.9,145.1,142.25,143.4,143.8,2127241,3064.66
1131,2019-11-19 00:00:00+00:00,143.5,144.35,141.3,143,143.3,2910251,4163.87
1132,2019-11-20 00:00:00+00:00,141.5,143,140.15,142.95,142.55,3010530,4256.23
1133,2019-11-21 00:00:00+00:00,141.45,142.25,139.45,140.85,140.9,2317544,3259.93
1134,2019-11-22 00:00:00+00:00,136.8,141.15,135.9,141.05,140.4,2995506,4182.18
1135,2019-11-25 00:00:00+00:00,139.95,141,135.25,135.75,135.95,2979960,4105.11
1136,2019-11-26 00:00:00+00:00,140.15,142.15,139.15,139.85,139.7,1852558,2600.32
1137,2019-11-27 00:00:00+00:00,141.7,141.9,139.1,140.4,139.8,1868445,2619.52
1138,2019-11-29 00:00:00+00:00,143.2,143.55,141,141.1,141.2,1034913,1469.54
1139,2019-12-02 00:00:00+00:00,142.75,143,141.8,142.9,142.7,613301,873.85
1140,2019-12-03 00:00:00+00:00,141.25,143,141.2,142,142,1204144,1711.81
1141,2019-12-04 00:00:00+00:00,139.35,141.95,139.15,141.25,141.1,784045,1105.59
1142,2019-12-05 00:00:00+00:00,140.35,141.75,139.6,140.25,140.35,882447,1241.11
1143,2019-12-06 00:00:00+00:00,139.1,140.95,138.35,140.25,140.2,1294179,1811.73
1144,2019-12-09 00:00:00+00:00,140.55,141.35,137.7,138.9,138.9,1078151,1500
1145,2019-12-10 00:00:00+00:00,141.55,142.4,139.1,140.9,140.55,1060283,1490.75
1146,2019-12-11 00:00:00+00:00,144,144.85,141.15,141.5,141.75,1390278,1979.3
1147,2019-12-12 00:00:00+00:00,145.3,145.9,143.5,144.05,144.05,1486914,2145.07
1148,2019-12-13 00:00:00+00:00,144.2,145.85,143.05,144.65,144.85,1465761,2119.11
1149,2019-12-16 00:00:00+00:00,144.35,144.5,142.7,143.5,143.6,1411856,2030.88
1150,2019-12-17 00:00:00+00:00,142.45,144.5,141.8,143.7,143.35,2053488,2944.82
1151,2019-12-18 00:00:00+00:00,144.3,144.3,140.15,141.35,141.15,2905219,4119.2
1152,2019-12-19 00:00:00+00:00,143.15,144.85,142.55,143.1,143.05,1418289,2041.25
1153,2019-12-20 00:00:00+00:00,141.2,143.7,138.5,143.4,143.15,2866989,4052.98
1154,2019-12-23 00:00:00+00:00,140.85,142.95,140,140.5,140.7,2140205,3023.42
1155,2019-12-24 00:00:00+00:00,141.35,143,139.65,140.5,141,2555790,3603.27
1156,2019-12-26 00:00:00+00:00,141.8,144.75,139.7,141.1,140.45,4943283,7005.22
1157,2019-12-27 00:00:00+00:00,140,144.4,139.6,141.8,142.15,2441955,3477.95
1158,2019-12-30 00:00:00+00:00,140.9,143,138.4,139,138.95,2281455,3211.22
1159,2019-12-31 00:00:00+00:00,143,144.9,140.3,141.25,141.35,1798083,2557.45
1160,2020-01-02 00:00:00+00:00,147.25,147.85,143.65,144.5,144.25,2015494,2929.81
1161,2020-01-03 00:00:00+00:00,149.05,150.35,147.5,148.1,148.2,1191923,1769.79
1162,2020-01-06 00:00:00+00:00,148.35,152.2,148.1,149.6,149.85,4586839,6885.96
1163,2020-01-07 00:00:00+00:00,148.5,150.1,147.55,147.8,147.85,1992324,2959.65
1164,2020-01-08 00:00:00+00:00,146.25,149.3,146.25,148.35,148.3,2549468,3774.17
1165,2020-01-09 00:00:00+00:00,149.5,150.25,145.8,146.5,146.2,1884689,2784.42
1166,2020-01-10 00:00:00+00:00,152.25,152.9,148.5,149,149.05,2142240,3209.54
1167,2020-01-13 00:00:00+00:00,152.85,152.85,150.4,152,152.05,1117786,1695.44
1168,2020-01-14 00:00:00+00:00,153.05,154.5,150.3,151.9,152.05,2175698,3309.89
1169,2020-01-15 00:00:00+00:00,156.1,156.8,151.9,153.55,152.9,2340369,3600.63
1170,2020-01-16 00:00:00+00:00,158.05,159.95,154.75,155.55,155.95,2520546,3988.81
1171,2020-01-17 00:00:00+00:00,157.4,158.5,156.15,157.1,157.25,1740722,2738.72
1172,2020-01-21 00:00:00+00:00,157.1,159.3,156,157.2,157.1,2122772,3343.22
1173,2020-01-22 00:00:00+00:00,157,158.2,155.2,156.5,156.5,1244854,1950.31
1174,2020-01-23 00:00:00+00:00,156.95,158.6,155.1,157.15,156.8,1538685,2411.31
1175,2020-01-24 00:00:00+00:00,154.45,157,153.65,156.75,156.35,1816178,2819.87
1176,2020-01-27 00:00:00+00:00,160.5,161.75,153.75,154.6,154.95,2116255,3351.03
1177,2020-01-28 00:00:00+00:00,160.85,162.65,159.9,160.35,160.5,1958707,3160.15
1178,2020-01-29 00:00:00+00:00,159.5,161.5,158.15,160,160.45,2258565,3620.28
1179,2020-01-30 00:00:00+00:00,158.55,160.9,155.25,159.45,159.8,3188036,5054.86
1180,2020-01-31 00:00:00+00:00,160.8,162.85,156.35,158.3,158.05,3624182,5797.01
1181,2020-02-03 00:00:00+00:00,159,166.1,158,162.1,161.05,10232143,16618.38
1182,2020-02-04 00:00:00+00:00,155.4,157.65,153.65,156.9,157.25,2997231,4683.08
1183,2020-02-05 00:00:00+00:00,154.5,156.5,153.35,154.1,154.7,3101414,4817.62
1184,2020-02-06 00:00:00+00:00,147.2,153.85,146.6,152.85,153.1,5456617,8298.94
1185,2020-02-07 00:00:00+00:00,148.55,149.4,145.9,147.3,147.5,1833784,2704.13
1186,2020-02-10 00:00:00+00:00,145.3,148.75,145.25,147.85,148.2,1672571,2462.36
1187,2020-02-11 00:00:00+00:00,144.1,147.1,144.1,144.5,144.75,1678569,2443.6
1188,2020-02-12 00:00:00+00:00,145.25,145.5,142.2,143.45,143.45,1279705,1834.35
1189,2020-02-13 00:00:00+00:00,146,147.5,145,145.3,145.15,1102791,1608.29
1190,2020-02-14 00:00:00+00:00,146.8,148.45,146.2,146.55,146.75,1185509,1745.97
1191,2020-02-18 00:00:00+00:00,147.95,147.95,146.25,147.2,147,1285575,1889.48
1192,2020-02-19 00:00:00+00:00,146.75,149,146.7,147.6,147.45,1821331,2689.55
1193,2020-02-20 00:00:00+00:00,149.1,149.1,145.3,146.65,146.7,2508890,3674.98
1194,2020-02-21 00:00:00+00:00,146.8,147.75,145.8,146.15,146.2,1385102,2029.35
1195,2020-02-24 00:00:00+00:00,147.6,148.7,146.05,146.6,146.65,1565641,2304.46
1196,2020-02-25 00:00:00+00:00,146.5,148.4,145.1,145.9,145.55,1547460,2267.72
1197,2020-02-26 00:00:00+00:00,149,149.3,146.25,146.7,146.8,2227417,3286.14
1198,2020-02-27 00:00:00+00:00,149.2,150.9,149,149.25,149.3,2063513,3091.19
1199,2020-02-28 00:00:00+00:00,148,150.1,147.55,148.75,148.9,2020588,3005.77
1200,2020-03-02 00:00:00+00:00,145,148.35,145,148.2,147.65,3615167,5318.02
1201,2020-03-03 00:00:00+00:00,146.3,147.6,144,144.75,145.05,1855005,2699.14
1202,2020-03-04 00:00:00+00:00,142,146.8,141.6,145.8,145.5,2505101,3641.28
1203,2020-03-05 00:00:00+00:00,142.55,143.75,140.8,142.5,142.4,2305892,3285.91
1204,2020-03-06 00:00:00+00:00,144.35,145.2,141.1,142.35,141.8,2315264,3306.1
1205,2020-03-09 00:00:00+00:00,145.1,146.8,143.1,144.1,143.65,2997918,4355.49
1206,2020-03-10 00:00:00+00:00,146.25,147.8,144.75,145.8,145.35,2756146,4034.8
1207,2020-03-11 00:00:00+00:00,149,149.2,144.05,145,144.55,3835593,5596.79
1208,2020-03-12 00:00:00+00:00,142.5,148.35,142.5,147.5,147.7,5738832,8407.83
1209,2020-03-13 00:00:00+00:00,146.05,146.9,142.8,144.4,143.95,4246087,6161.68
1210,2020-03-16 00:00:00+00:00,155,155,141.1,144.9,144.3,11917625,17299.48
1211,2020-03-17 00:00:00+00:00,157.1,159.65,153.1,155.25,154.55,1842456,2891.59
1212,2020-03-18 00:00:00+00:00,160.4,161.25,155.1,156.75,156.55,1954941,3059.76
1213,2020-03-19 00:00:00+00:00,160.2,163,157.8,160.2,160.1,1175152,1883.24
1214,2020-03-20 00:00:00+00:00,164.4,167.9,159.05,161.5,160.35,2358582,3874.98
1215,2020-03-23 00:00:00+00:00,167.7,168.95,163.1,163.7,163.55,2080746,3437.64
1216,2020-03-24 00:00:00+00:00,168.5,169.8,165.9,167.8,167.6,1762917,2960.86
1217,2020-03-25 00:00:00+00:00,168,170,167.25,169.5,169.5,512878,868.66
1218,2020-03-26 00:00:00+00:00,164,169.9,161.55,168.3,167.7,3726470,6227.17
1219,2020-03-27 00:00:00+00:00,165,167.1,163.1,164.1,164,3033400,4991.85
1220,2020-03-30 00:00:00+00:00,163,166,162.65,165.3,165,1918758,3158.04
1221,2020-03-31 00:00:00+00:00,163.3,164.2,160.25,162.25,162.4,2067392,3350.14
1222,2020-04-01 00:00:00+00:00,164,166.25,162.3,163.1,163.25,1058274,1733.67
1223,2020-04-02 00:00:00+00:00,166.2,168.4,163.05,163.45,163.85,4412267,7337.93
1224,2020-04-03 00:00:00+00:00,159,166.4,158,165.75,165.45,4943284,8096.77
1225,2020-04-06 00:00:00+00:00,162.1,162.6,157,158.9,158.75,1228667,1950.57
1226,2020-04-07 00:00:00+00:00,160.4,162.8,159.9,162.25,161.85,1598301,2583.68
1227,2020-04-08 00:00:00+00:00,164.5,165.35,159,159.8,159.6,3257249,5252.89
1228,2020-04-09 00:00:00+00:00,163.2,165,162.25,164,164.2,2540836,4163.49
1229,2020-04-13 00:00:00+00:00,159.1,162.9,158.25,161.75,162,2724697,4381.6
1230,2020-04-14 00:00:00+00:00,160,160.2,155.35,157.1,158.05,1145582,1805.49
1231,2020-04-15 00:00:00+00:00,160.85,161.45,157.7,159.3,159.45,1281419,2039.09
1232,2020-04-16 00:00:00+00:00,161.15,163.45,159,159.8,160.05,1880046,3030.76
1233,2020-04-17 00:00:00+00:00,156,160.8,155.85,160.3,160.15,3124853,4978.8
1234,2020-04-20 00:00:00+00:00,155.7,158.2,154.15,155.3,155.55,2049580,3204.49
1235,2020-04-21 00:00:00+00:00,157,157.8,155.2,155.8,155.8,1720413,2688.94
